,Run,run_length,runner_up_highest,standard_lowest,standard_reached,num_agents,num_edges,num_variants,link_generator,variant_exchange,multiplexity_range
0,0,2962,701.0,166.0,True,1000,1,5,<__main__.HolmeKimNetwork object at 0x7fc1b5762d68>,<__main__.MultiplexPowerVariantExchange object at 0x7fc1b57629b0>,"[1, 3]"
1,1,524,435.0,175.0,True,1000,1,5,<__main__.HolmeKimNetwork object at 0x7fc1b5762d68>,<__main__.MultiplexPowerVariantExchange object at 0x7fc1b57629b0>,"[1, 3]"
2,2,5000,,,False,1000,1,5,<__main__.HolmeKimNetwork object at 0x7fc1b5762d68>,<__main__.MultiplexPowerVariantExchange object at 0x7fc1b57629b0>,"[1, 3]"
3,3,631,375.0,160.0,True,1000,1,5,<__main__.HolmeKimNetwork object at 0x7fc1b5762d68>,<__main__.MultiplexPowerVariantExchange object at 0x7fc1b57629b0>,"[1, 3]"
4,4,966,334.0,176.0,True,1000,1,5,<__main__.HolmeKimNetwork object at 0x7fc1b5762d68>,<__main__.MultiplexPowerVariantExchange object at 0x7fc1b57629b0>,"[1, 3]"
5,5,2002,786.0,101.0,True,1000,1,5,<__main__.HolmeKimNetwork object at 0x7fc1b5762d68>,<__main__.MultiplexPowerVariantExchange object at 0x7fc1b57629b0>,"[1, 3]"
6,6,437,382.0,193.0,True,1000,1,5,<__main__.HolmeKimNetwork object at 0x7fc1b5762d68>,<__main__.MultiplexPowerVariantExchange object at 0x7fc1b57629b0>,"[1, 3]"
7,7,1063,562.0,122.0,True,1000,1,5,<__main__.HolmeKimNetwork object at 0x7fc1b5762d68>,<__main__.MultiplexPowerVariantExchange object at 0x7fc1b57629b0>,"[1, 3]"
8,8,1168,482.0,183.0,True,1000,1,5,<__main__.HolmeKimNetwork object at 0x7fc1b5762d68>,<__main__.MultiplexPowerVariantExchange object at 0x7fc1b57629b0>,"[1, 3]"
9,9,3781,809.0,44.0,True,1000,1,5,<__main__.HolmeKimNetwork object at 0x7fc1b5762d68>,<__main__.MultiplexPowerVariantExchange object at 0x7fc1b57629b0>,"[1, 3]"
10,10,1383,540.0,207.0,True,1000,1,5,<__main__.HolmeKimNetwork object at 0x7fc1b5762d68>,<__main__.MultiplexPowerVariantExchange object at 0x7fc1b57629b0>,"[1, 3]"
11,11,3025,869.0,131.0,True,1000,1,5,<__main__.HolmeKimNetwork object at 0x7fc1b5762d68>,<__main__.MultiplexPowerVariantExchange object at 0x7fc1b57629b0>,"[1, 3]"
12,12,4684,743.0,149.0,True,1000,1,5,<__main__.HolmeKimNetwork object at 0x7fc1b5762d68>,<__main__.MultiplexPowerVariantExchange object at 0x7fc1b57629b0>,"[1, 3]"
13,13,1113,584.0,107.0,True,1000,1,5,<__main__.HolmeKimNetwork object at 0x7fc1b5762d68>,<__main__.MultiplexPowerVariantExchange object at 0x7fc1b57629b0>,"[1, 3]"
14,14,1509,430.0,99.0,True,1000,1,5,<__main__.HolmeKimNetwork object at 0x7fc1b5762d68>,<__main__.MultiplexPowerVariantExchange object at 0x7fc1b57629b0>,"[1, 3]"
15,15,3860,615.0,184.0,True,1000,1,5,<__main__.HolmeKimNetwork object at 0x7fc1b5762d68>,<__main__.MultiplexPowerVariantExchange object at 0x7fc1b57629b0>,"[1, 3]"
16,16,1077,411.0,184.0,True,1000,1,5,<__main__.HolmeKimNetwork object at 0x7fc1b5762d68>,<__main__.MultiplexPowerVariantExchange object at 0x7fc1b57629b0>,"[1, 3]"
17,17,1458,543.0,81.0,True,1000,1,5,<__main__.HolmeKimNetwork object at 0x7fc1b5762d68>,<__main__.MultiplexPowerVariantExchange object at 0x7fc1b57629b0>,"[1, 3]"
18,18,5000,,,False,1000,1,5,<__main__.HolmeKimNetwork object at 0x7fc1b5762d68>,<__main__.MultiplexPowerVariantExchange object at 0x7fc1b57629b0>,"[1, 3]"
19,19,2024,884.0,116.0,True,1000,1,5,<__main__.HolmeKimNetwork object at 0x7fc1b5762d68>,<__main__.MultiplexPowerVariantExchange object at 0x7fc1b57629b0>,"[1, 3]"
20,20,2077,504.0,112.0,True,1000,1,5,<__main__.HolmeKimNetwork object at 0x7fc1b5762d68>,<__main__.MultiplexPowerVariantExchange object at 0x7fc1b57629b0>,"[1, 3]"
21,21,876,722.0,191.0,True,1000,1,5,<__main__.HolmeKimNetwork object at 0x7fc1b5762d68>,<__main__.MultiplexPowerVariantExchange object at 0x7fc1b57629b0>,"[1, 3]"
22,22,1227,528.0,61.0,True,1000,1,5,<__main__.HolmeKimNetwork object at 0x7fc1b5762d68>,<__main__.MultiplexPowerVariantExchange object at 0x7fc1b57629b0>,"[1, 3]"
23,23,710,329.0,167.0,True,1000,1,5,<__main__.HolmeKimNetwork object at 0x7fc1b5762d68>,<__main__.MultiplexPowerVariantExchange object at 0x7fc1b57629b0>,"[1, 3]"
24,24,1867,355.0,135.0,True,1000,1,5,<__main__.HolmeKimNetwork object at 0x7fc1b5762d68>,<__main__.MultiplexPowerVariantExchange object at 0x7fc1b57629b0>,"[1, 3]"
25,25,2161,932.0,68.0,True,1000,1,5,<__main__.HolmeKimNetwork object at 0x7fc1b5762d68>,<__main__.MultiplexPowerVariantExchange object at 0x7fc1b57629b0>,"[1, 3]"
26,26,1728,799.0,104.0,True,1000,1,5,<__main__.HolmeKimNetwork object at 0x7fc1b5762d68>,<__main__.MultiplexPowerVariantExchange object at 0x7fc1b57629b0>,"[1, 3]"
27,27,2380,623.0,180.0,True,1000,1,5,<__main__.HolmeKimNetwork object at 0x7fc1b5762d68>,<__main__.MultiplexPowerVariantExchange object at 0x7fc1b57629b0>,"[1, 3]"
28,28,618,449.0,137.0,True,1000,1,5,<__main__.HolmeKimNetwork object at 0x7fc1b5762d68>,<__main__.MultiplexPowerVariantExchange object at 0x7fc1b57629b0>,"[1, 3]"
29,29,897,380.0,112.0,True,1000,1,5,<__main__.HolmeKimNetwork object at 0x7fc1b5762d68>,<__main__.MultiplexPowerVariantExchange object at 0x7fc1b57629b0>,"[1, 3]"
30,30,3153,761.0,145.0,True,1000,1,5,<__main__.HolmeKimNetwork object at 0x7fc1b5762d68>,<__main__.MultiplexPowerVariantExchange object at 0x7fc1b57629b0>,"[1, 3]"
31,31,3089,753.0,213.0,True,1000,1,5,<__main__.HolmeKimNetwork object at 0x7fc1b5762d68>,<__main__.MultiplexPowerVariantExchange object at 0x7fc1b57629b0>,"[1, 3]"
32,32,1615,540.0,68.0,True,1000,1,5,<__main__.HolmeKimNetwork object at 0x7fc1b5762d68>,<__main__.MultiplexPowerVariantExchange object at 0x7fc1b57629b0>,"[1, 3]"
33,33,533,362.0,91.0,True,1000,1,5,<__main__.HolmeKimNetwork object at 0x7fc1b5762d68>,<__main__.MultiplexPowerVariantExchange object at 0x7fc1b57629b0>,"[1, 3]"
34,34,1796,531.0,176.0,True,1000,1,5,<__main__.HolmeKimNetwork object at 0x7fc1b5762d68>,<__main__.MultiplexPowerVariantExchange object at 0x7fc1b57629b0>,"[1, 3]"
35,35,1903,559.0,153.0,True,1000,1,5,<__main__.HolmeKimNetwork object at 0x7fc1b5762d68>,<__main__.MultiplexPowerVariantExchange object at 0x7fc1b57629b0>,"[1, 3]"
36,36,1932,808.0,48.0,True,1000,1,5,<__main__.HolmeKimNetwork object at 0x7fc1b5762d68>,<__main__.MultiplexPowerVariantExchange object at 0x7fc1b57629b0>,"[1, 3]"
37,37,2909,450.0,119.0,True,1000,1,5,<__main__.HolmeKimNetwork object at 0x7fc1b5762d68>,<__main__.MultiplexPowerVariantExchange object at 0x7fc1b57629b0>,"[1, 3]"
38,38,704,411.0,193.0,True,1000,1,5,<__main__.HolmeKimNetwork object at 0x7fc1b5762d68>,<__main__.MultiplexPowerVariantExchange object at 0x7fc1b57629b0>,"[1, 3]"
39,39,1569,710.0,113.0,True,1000,1,5,<__main__.HolmeKimNetwork object at 0x7fc1b5762d68>,<__main__.MultiplexPowerVariantExchange object at 0x7fc1b57629b0>,"[1, 3]"
40,40,958,413.0,185.0,True,1000,1,5,<__main__.HolmeKimNetwork object at 0x7fc1b5762d68>,<__main__.MultiplexPowerVariantExchange object at 0x7fc1b57629b0>,"[1, 3]"
41,41,1778,481.0,149.0,True,1000,1,5,<__main__.HolmeKimNetwork object at 0x7fc1b5762d68>,<__main__.MultiplexPowerVariantExchange object at 0x7fc1b57629b0>,"[1, 3]"
42,42,815,631.0,179.0,True,1000,1,5,<__main__.HolmeKimNetwork object at 0x7fc1b5762d68>,<__main__.MultiplexPowerVariantExchange object at 0x7fc1b57629b0>,"[1, 3]"
43,43,3118,470.0,181.0,True,1000,1,5,<__main__.HolmeKimNetwork object at 0x7fc1b5762d68>,<__main__.MultiplexPowerVariantExchange object at 0x7fc1b57629b0>,"[1, 3]"
44,44,981,614.0,139.0,True,1000,1,5,<__main__.HolmeKimNetwork object at 0x7fc1b5762d68>,<__main__.MultiplexPowerVariantExchange object at 0x7fc1b57629b0>,"[1, 3]"
45,45,658,248.0,205.0,True,1000,1,5,<__main__.HolmeKimNetwork object at 0x7fc1b5762d68>,<__main__.MultiplexPowerVariantExchange object at 0x7fc1b57629b0>,"[1, 3]"
46,46,1471,933.0,67.0,True,1000,1,5,<__main__.HolmeKimNetwork object at 0x7fc1b5762d68>,<__main__.MultiplexPowerVariantExchange object at 0x7fc1b57629b0>,"[1, 3]"
47,47,2605,867.0,133.0,True,1000,1,5,<__main__.HolmeKimNetwork object at 0x7fc1b5762d68>,<__main__.MultiplexPowerVariantExchange object at 0x7fc1b57629b0>,"[1, 3]"
48,48,5000,,,False,1000,1,5,<__main__.HolmeKimNetwork object at 0x7fc1b5762d68>,<__main__.MultiplexPowerVariantExchange object at 0x7fc1b57629b0>,"[1, 3]"
49,49,794,351.0,168.0,True,1000,1,5,<__main__.HolmeKimNetwork object at 0x7fc1b5762d68>,<__main__.MultiplexPowerVariantExchange object at 0x7fc1b57629b0>,"[1, 3]"
50,50,738,451.0,186.0,True,1000,1,5,<__main__.HolmeKimNetwork object at 0x7fc1b5762d68>,<__main__.MultiplexPowerVariantExchange object at 0x7fc1b57629b0>,"[1, 3]"
51,51,1615,533.0,209.0,True,1000,1,5,<__main__.HolmeKimNetwork object at 0x7fc1b5762d68>,<__main__.MultiplexPowerVariantExchange object at 0x7fc1b57629b0>,"[1, 3]"
52,52,2561,515.0,172.0,True,1000,1,5,<__main__.HolmeKimNetwork object at 0x7fc1b5762d68>,<__main__.MultiplexPowerVariantExchange object at 0x7fc1b57629b0>,"[1, 3]"
53,53,2914,376.0,197.0,True,1000,1,5,<__main__.HolmeKimNetwork object at 0x7fc1b5762d68>,<__main__.MultiplexPowerVariantExchange object at 0x7fc1b57629b0>,"[1, 3]"
54,54,1911,722.0,192.0,True,1000,1,5,<__main__.HolmeKimNetwork object at 0x7fc1b5762d68>,<__main__.MultiplexPowerVariantExchange object at 0x7fc1b57629b0>,"[1, 3]"
55,55,3454,753.0,129.0,True,1000,1,5,<__main__.HolmeKimNetwork object at 0x7fc1b5762d68>,<__main__.MultiplexPowerVariantExchange object at 0x7fc1b57629b0>,"[1, 3]"
56,56,3069,708.0,90.0,True,1000,1,5,<__main__.HolmeKimNetwork object at 0x7fc1b5762d68>,<__main__.MultiplexPowerVariantExchange object at 0x7fc1b57629b0>,"[1, 3]"
57,57,1175,398.0,91.0,True,1000,1,5,<__main__.HolmeKimNetwork object at 0x7fc1b5762d68>,<__main__.MultiplexPowerVariantExchange object at 0x7fc1b57629b0>,"[1, 3]"
58,58,3465,767.0,154.0,True,1000,1,5,<__main__.HolmeKimNetwork object at 0x7fc1b5762d68>,<__main__.MultiplexPowerVariantExchange object at 0x7fc1b57629b0>,"[1, 3]"
59,59,5000,,,False,1000,1,5,<__main__.HolmeKimNetwork object at 0x7fc1b5762d68>,<__main__.MultiplexPowerVariantExchange object at 0x7fc1b57629b0>,"[1, 3]"
60,60,3011,797.0,39.0,True,1000,1,5,<__main__.HolmeKimNetwork object at 0x7fc1b5762d68>,<__main__.MultiplexPowerVariantExchange object at 0x7fc1b57629b0>,"[1, 3]"
61,61,3248,753.0,197.0,True,1000,1,5,<__main__.HolmeKimNetwork object at 0x7fc1b5762d68>,<__main__.MultiplexPowerVariantExchange object at 0x7fc1b57629b0>,"[1, 3]"
62,62,381,276.0,142.0,True,1000,1,5,<__main__.HolmeKimNetwork object at 0x7fc1b5762d68>,<__main__.MultiplexPowerVariantExchange object at 0x7fc1b57629b0>,"[1, 3]"
63,63,2072,989.0,11.0,True,1000,1,5,<__main__.HolmeKimNetwork object at 0x7fc1b5762d68>,<__main__.MultiplexPowerVariantExchange object at 0x7fc1b57629b0>,"[1, 3]"
64,64,1689,669.0,204.0,True,1000,1,5,<__main__.HolmeKimNetwork object at 0x7fc1b5762d68>,<__main__.MultiplexPowerVariantExchange object at 0x7fc1b57629b0>,"[1, 3]"
65,65,746,565.0,97.0,True,1000,1,5,<__main__.HolmeKimNetwork object at 0x7fc1b5762d68>,<__main__.MultiplexPowerVariantExchange object at 0x7fc1b57629b0>,"[1, 3]"
66,66,2758,887.0,113.0,True,1000,1,5,<__main__.HolmeKimNetwork object at 0x7fc1b5762d68>,<__main__.MultiplexPowerVariantExchange object at 0x7fc1b57629b0>,"[1, 3]"
67,67,2344,726.0,20.0,True,1000,1,5,<__main__.HolmeKimNetwork object at 0x7fc1b5762d68>,<__main__.MultiplexPowerVariantExchange object at 0x7fc1b57629b0>,"[1, 3]"
68,68,961,479.0,185.0,True,1000,1,5,<__main__.HolmeKimNetwork object at 0x7fc1b5762d68>,<__main__.MultiplexPowerVariantExchange object at 0x7fc1b57629b0>,"[1, 3]"
69,69,3043,870.0,84.0,True,1000,1,5,<__main__.HolmeKimNetwork object at 0x7fc1b5762d68>,<__main__.MultiplexPowerVariantExchange object at 0x7fc1b57629b0>,"[1, 3]"
70,70,3189,429.0,84.0,True,1000,1,5,<__main__.HolmeKimNetwork object at 0x7fc1b5762d68>,<__main__.MultiplexPowerVariantExchange object at 0x7fc1b57629b0>,"[1, 3]"
71,71,4220,578.0,105.0,True,1000,1,5,<__main__.HolmeKimNetwork object at 0x7fc1b5762d68>,<__main__.MultiplexPowerVariantExchange object at 0x7fc1b57629b0>,"[1, 3]"
72,72,2536,591.0,92.0,True,1000,1,5,<__main__.HolmeKimNetwork object at 0x7fc1b5762d68>,<__main__.MultiplexPowerVariantExchange object at 0x7fc1b57629b0>,"[1, 3]"
73,73,713,615.0,178.0,True,1000,1,5,<__main__.HolmeKimNetwork object at 0x7fc1b5762d68>,<__main__.MultiplexPowerVariantExchange object at 0x7fc1b57629b0>,"[1, 3]"
74,74,4469,849.0,86.0,True,1000,1,5,<__main__.HolmeKimNetwork object at 0x7fc1b5762d68>,<__main__.MultiplexPowerVariantExchange object at 0x7fc1b57629b0>,"[1, 3]"
75,75,729,412.0,149.0,True,1000,1,5,<__main__.HolmeKimNetwork object at 0x7fc1b5762d68>,<__main__.MultiplexPowerVariantExchange object at 0x7fc1b57629b0>,"[1, 3]"
76,76,810,308.0,209.0,True,1000,1,5,<__main__.HolmeKimNetwork object at 0x7fc1b5762d68>,<__main__.MultiplexPowerVariantExchange object at 0x7fc1b57629b0>,"[1, 3]"
77,77,1798,700.0,65.0,True,1000,1,5,<__main__.HolmeKimNetwork object at 0x7fc1b5762d68>,<__main__.MultiplexPowerVariantExchange object at 0x7fc1b57629b0>,"[1, 3]"
78,78,4490,590.0,153.0,True,1000,1,5,<__main__.HolmeKimNetwork object at 0x7fc1b5762d68>,<__main__.MultiplexPowerVariantExchange object at 0x7fc1b57629b0>,"[1, 3]"
79,79,5000,,,False,1000,1,5,<__main__.HolmeKimNetwork object at 0x7fc1b5762d68>,<__main__.MultiplexPowerVariantExchange object at 0x7fc1b57629b0>,"[1, 3]"
80,80,2674,723.0,89.0,True,1000,1,5,<__main__.HolmeKimNetwork object at 0x7fc1b5762d68>,<__main__.MultiplexPowerVariantExchange object at 0x7fc1b57629b0>,"[1, 3]"
81,81,1501,383.0,135.0,True,1000,1,5,<__main__.HolmeKimNetwork object at 0x7fc1b5762d68>,<__main__.MultiplexPowerVariantExchange object at 0x7fc1b57629b0>,"[1, 3]"
82,82,2749,687.0,97.0,True,1000,1,5,<__main__.HolmeKimNetwork object at 0x7fc1b5762d68>,<__main__.MultiplexPowerVariantExchange object at 0x7fc1b57629b0>,"[1, 3]"
83,83,2686,817.0,76.0,True,1000,1,5,<__main__.HolmeKimNetwork object at 0x7fc1b5762d68>,<__main__.MultiplexPowerVariantExchange object at 0x7fc1b57629b0>,"[1, 3]"
84,84,5000,,,False,1000,1,5,<__main__.HolmeKimNetwork object at 0x7fc1b5762d68>,<__main__.MultiplexPowerVariantExchange object at 0x7fc1b57629b0>,"[1, 3]"
85,85,1040,545.0,145.0,True,1000,1,5,<__main__.HolmeKimNetwork object at 0x7fc1b5762d68>,<__main__.MultiplexPowerVariantExchange object at 0x7fc1b57629b0>,"[1, 3]"
86,86,822,450.0,165.0,True,1000,1,5,<__main__.HolmeKimNetwork object at 0x7fc1b5762d68>,<__main__.MultiplexPowerVariantExchange object at 0x7fc1b57629b0>,"[1, 3]"
87,87,1119,334.0,160.0,True,1000,1,5,<__main__.HolmeKimNetwork object at 0x7fc1b5762d68>,<__main__.MultiplexPowerVariantExchange object at 0x7fc1b57629b0>,"[1, 3]"
88,88,2141,421.0,223.0,True,1000,1,5,<__main__.HolmeKimNetwork object at 0x7fc1b5762d68>,<__main__.MultiplexPowerVariantExchange object at 0x7fc1b57629b0>,"[1, 3]"
89,89,1083,473.0,202.0,True,1000,1,5,<__main__.HolmeKimNetwork object at 0x7fc1b5762d68>,<__main__.MultiplexPowerVariantExchange object at 0x7fc1b57629b0>,"[1, 3]"
90,90,5000,,,False,1000,1,5,<__main__.HolmeKimNetwork object at 0x7fc1b5762d68>,<__main__.MultiplexPowerVariantExchange object at 0x7fc1b57629b0>,"[1, 3]"
91,91,3469,697.0,217.0,True,1000,1,5,<__main__.HolmeKimNetwork object at 0x7fc1b5762d68>,<__main__.MultiplexPowerVariantExchange object at 0x7fc1b57629b0>,"[1, 3]"
92,92,636,516.0,149.0,True,1000,1,5,<__main__.HolmeKimNetwork object at 0x7fc1b5762d68>,<__main__.MultiplexPowerVariantExchange object at 0x7fc1b57629b0>,"[1, 3]"
93,93,1690,473.0,160.0,True,1000,1,5,<__main__.HolmeKimNetwork object at 0x7fc1b5762d68>,<__main__.MultiplexPowerVariantExchange object at 0x7fc1b57629b0>,"[1, 3]"
94,94,1076,422.0,171.0,True,1000,1,5,<__main__.HolmeKimNetwork object at 0x7fc1b5762d68>,<__main__.MultiplexPowerVariantExchange object at 0x7fc1b57629b0>,"[1, 3]"
95,95,3405,647.0,20.0,True,1000,1,5,<__main__.HolmeKimNetwork object at 0x7fc1b5762d68>,<__main__.MultiplexPowerVariantExchange object at 0x7fc1b57629b0>,"[1, 3]"
96,96,530,309.0,181.0,True,1000,1,5,<__main__.HolmeKimNetwork object at 0x7fc1b5762d68>,<__main__.MultiplexPowerVariantExchange object at 0x7fc1b57629b0>,"[1, 3]"
97,97,2006,626.0,60.0,True,1000,1,5,<__main__.HolmeKimNetwork object at 0x7fc1b5762d68>,<__main__.MultiplexPowerVariantExchange object at 0x7fc1b57629b0>,"[1, 3]"
98,98,3296,927.0,8.0,True,1000,1,5,<__main__.HolmeKimNetwork object at 0x7fc1b5762d68>,<__main__.MultiplexPowerVariantExchange object at 0x7fc1b57629b0>,"[1, 3]"
99,99,2211,534.0,209.0,True,1000,1,5,<__main__.HolmeKimNetwork object at 0x7fc1b5762d68>,<__main__.MultiplexPowerVariantExchange object at 0x7fc1b57629b0>,"[1, 3]"
100,100,2839,827.0,17.0,True,1000,1,5,<__main__.HolmeKimNetwork object at 0x7fc1b5762d68>,<__main__.MultiplexPowerVariantExchange object at 0x7fc1b57629b0>,"[1, 3]"
101,101,592,414.0,128.0,True,1000,1,5,<__main__.HolmeKimNetwork object at 0x7fc1b5762d68>,<__main__.MultiplexPowerVariantExchange object at 0x7fc1b57629b0>,"[1, 3]"
102,102,728,508.0,183.0,True,1000,1,5,<__main__.HolmeKimNetwork object at 0x7fc1b5762d68>,<__main__.MultiplexPowerVariantExchange object at 0x7fc1b57629b0>,"[1, 3]"
103,103,1399,652.0,178.0,True,1000,1,5,<__main__.HolmeKimNetwork object at 0x7fc1b5762d68>,<__main__.MultiplexPowerVariantExchange object at 0x7fc1b57629b0>,"[1, 3]"
104,104,1901,471.0,101.0,True,1000,1,5,<__main__.HolmeKimNetwork object at 0x7fc1b5762d68>,<__main__.MultiplexPowerVariantExchange object at 0x7fc1b57629b0>,"[1, 3]"
105,105,1231,449.0,137.0,True,1000,1,5,<__main__.HolmeKimNetwork object at 0x7fc1b5762d68>,<__main__.MultiplexPowerVariantExchange object at 0x7fc1b57629b0>,"[1, 3]"
106,106,3380,659.0,48.0,True,1000,1,5,<__main__.HolmeKimNetwork object at 0x7fc1b5762d68>,<__main__.MultiplexPowerVariantExchange object at 0x7fc1b57629b0>,"[1, 3]"
107,107,2884,820.0,56.0,True,1000,1,5,<__main__.HolmeKimNetwork object at 0x7fc1b5762d68>,<__main__.MultiplexPowerVariantExchange object at 0x7fc1b57629b0>,"[1, 3]"
108,108,1464,291.0,148.0,True,1000,1,5,<__main__.HolmeKimNetwork object at 0x7fc1b5762d68>,<__main__.MultiplexPowerVariantExchange object at 0x7fc1b57629b0>,"[1, 3]"
109,109,4354,712.0,19.0,True,1000,1,5,<__main__.HolmeKimNetwork object at 0x7fc1b5762d68>,<__main__.MultiplexPowerVariantExchange object at 0x7fc1b57629b0>,"[1, 3]"
110,110,1371,592.0,105.0,True,1000,1,5,<__main__.HolmeKimNetwork object at 0x7fc1b5762d68>,<__main__.MultiplexPowerVariantExchange object at 0x7fc1b57629b0>,"[1, 3]"
111,111,1980,639.0,57.0,True,1000,1,5,<__main__.HolmeKimNetwork object at 0x7fc1b5762d68>,<__main__.MultiplexPowerVariantExchange object at 0x7fc1b57629b0>,"[1, 3]"
112,112,5000,,,False,1000,1,5,<__main__.HolmeKimNetwork object at 0x7fc1b5762d68>,<__main__.MultiplexPowerVariantExchange object at 0x7fc1b57629b0>,"[1, 3]"
113,113,1038,672.0,172.0,True,1000,1,5,<__main__.HolmeKimNetwork object at 0x7fc1b5762d68>,<__main__.MultiplexPowerVariantExchange object at 0x7fc1b57629b0>,"[1, 3]"
114,114,2831,572.0,56.0,True,1000,1,5,<__main__.HolmeKimNetwork object at 0x7fc1b5762d68>,<__main__.MultiplexPowerVariantExchange object at 0x7fc1b57629b0>,"[1, 3]"
115,115,2087,444.0,143.0,True,1000,1,5,<__main__.HolmeKimNetwork object at 0x7fc1b5762d68>,<__main__.MultiplexPowerVariantExchange object at 0x7fc1b57629b0>,"[1, 3]"
116,116,1805,497.0,109.0,True,1000,1,5,<__main__.HolmeKimNetwork object at 0x7fc1b5762d68>,<__main__.MultiplexPowerVariantExchange object at 0x7fc1b57629b0>,"[1, 3]"
117,117,5000,,,False,1000,1,5,<__main__.HolmeKimNetwork object at 0x7fc1b5762d68>,<__main__.MultiplexPowerVariantExchange object at 0x7fc1b57629b0>,"[1, 3]"
118,118,1381,362.0,207.0,True,1000,1,5,<__main__.HolmeKimNetwork object at 0x7fc1b5762d68>,<__main__.MultiplexPowerVariantExchange object at 0x7fc1b57629b0>,"[1, 3]"
119,119,4233,549.0,145.0,True,1000,1,5,<__main__.HolmeKimNetwork object at 0x7fc1b5762d68>,<__main__.MultiplexPowerVariantExchange object at 0x7fc1b57629b0>,"[1, 3]"
120,120,3376,892.0,108.0,True,1000,1,5,<__main__.HolmeKimNetwork object at 0x7fc1b5762d68>,<__main__.MultiplexPowerVariantExchange object at 0x7fc1b57629b0>,"[1, 3]"
121,121,595,392.0,178.0,True,1000,1,5,<__main__.HolmeKimNetwork object at 0x7fc1b5762d68>,<__main__.MultiplexPowerVariantExchange object at 0x7fc1b57629b0>,"[1, 3]"
122,122,5000,,,False,1000,1,5,<__main__.HolmeKimNetwork object at 0x7fc1b5762d68>,<__main__.MultiplexPowerVariantExchange object at 0x7fc1b57629b0>,"[1, 3]"
123,123,2672,573.0,137.0,True,1000,1,5,<__main__.HolmeKimNetwork object at 0x7fc1b5762d68>,<__main__.MultiplexPowerVariantExchange object at 0x7fc1b57629b0>,"[1, 3]"
124,124,2851,590.0,116.0,True,1000,1,5,<__main__.HolmeKimNetwork object at 0x7fc1b5762d68>,<__main__.MultiplexPowerVariantExchange object at 0x7fc1b57629b0>,"[1, 3]"
125,125,4107,901.0,99.0,True,1000,1,5,<__main__.HolmeKimNetwork object at 0x7fc1b5762d68>,<__main__.MultiplexPowerVariantExchange object at 0x7fc1b57629b0>,"[1, 3]"
126,126,1589,704.0,40.0,True,1000,1,5,<__main__.HolmeKimNetwork object at 0x7fc1b5762d68>,<__main__.MultiplexPowerVariantExchange object at 0x7fc1b57629b0>,"[1, 3]"
127,127,1947,753.0,45.0,True,1000,1,5,<__main__.HolmeKimNetwork object at 0x7fc1b5762d68>,<__main__.MultiplexPowerVariantExchange object at 0x7fc1b57629b0>,"[1, 3]"
128,128,2239,618.0,63.0,True,1000,1,5,<__main__.HolmeKimNetwork object at 0x7fc1b5762d68>,<__main__.MultiplexPowerVariantExchange object at 0x7fc1b57629b0>,"[1, 3]"
129,129,4441,906.0,94.0,True,1000,1,5,<__main__.HolmeKimNetwork object at 0x7fc1b5762d68>,<__main__.MultiplexPowerVariantExchange object at 0x7fc1b57629b0>,"[1, 3]"
130,130,936,422.0,192.0,True,1000,1,5,<__main__.HolmeKimNetwork object at 0x7fc1b5762d68>,<__main__.MultiplexPowerVariantExchange object at 0x7fc1b57629b0>,"[1, 3]"
131,131,1606,588.0,91.0,True,1000,1,5,<__main__.HolmeKimNetwork object at 0x7fc1b5762d68>,<__main__.MultiplexPowerVariantExchange object at 0x7fc1b57629b0>,"[1, 3]"
132,132,1096,451.0,187.0,True,1000,1,5,<__main__.HolmeKimNetwork object at 0x7fc1b5762d68>,<__main__.MultiplexPowerVariantExchange object at 0x7fc1b57629b0>,"[1, 3]"
133,133,1399,584.0,17.0,True,1000,1,5,<__main__.HolmeKimNetwork object at 0x7fc1b5762d68>,<__main__.MultiplexPowerVariantExchange object at 0x7fc1b57629b0>,"[1, 3]"
134,134,5000,,,False,1000,1,5,<__main__.HolmeKimNetwork object at 0x7fc1b5762d68>,<__main__.MultiplexPowerVariantExchange object at 0x7fc1b57629b0>,"[1, 3]"
135,135,1169,739.0,49.0,True,1000,1,5,<__main__.HolmeKimNetwork object at 0x7fc1b5762d68>,<__main__.MultiplexPowerVariantExchange object at 0x7fc1b57629b0>,"[1, 3]"
136,136,2080,627.0,46.0,True,1000,1,5,<__main__.HolmeKimNetwork object at 0x7fc1b5762d68>,<__main__.MultiplexPowerVariantExchange object at 0x7fc1b57629b0>,"[1, 3]"
137,137,662,601.0,179.0,True,1000,1,5,<__main__.HolmeKimNetwork object at 0x7fc1b5762d68>,<__main__.MultiplexPowerVariantExchange object at 0x7fc1b57629b0>,"[1, 3]"
138,138,3618,908.0,92.0,True,1000,1,5,<__main__.HolmeKimNetwork object at 0x7fc1b5762d68>,<__main__.MultiplexPowerVariantExchange object at 0x7fc1b57629b0>,"[1, 3]"
139,139,1129,772.0,42.0,True,1000,1,5,<__main__.HolmeKimNetwork object at 0x7fc1b5762d68>,<__main__.MultiplexPowerVariantExchange object at 0x7fc1b57629b0>,"[1, 3]"
140,140,2650,552.0,179.0,True,1000,1,5,<__main__.HolmeKimNetwork object at 0x7fc1b5762d68>,<__main__.MultiplexPowerVariantExchange object at 0x7fc1b57629b0>,"[1, 3]"
141,141,899,466.0,188.0,True,1000,1,5,<__main__.HolmeKimNetwork object at 0x7fc1b5762d68>,<__main__.MultiplexPowerVariantExchange object at 0x7fc1b57629b0>,"[1, 3]"
142,142,5000,,,False,1000,1,5,<__main__.HolmeKimNetwork object at 0x7fc1b5762d68>,<__main__.MultiplexPowerVariantExchange object at 0x7fc1b57629b0>,"[1, 3]"
143,143,2053,633.0,183.0,True,1000,1,5,<__main__.HolmeKimNetwork object at 0x7fc1b5762d68>,<__main__.MultiplexPowerVariantExchange object at 0x7fc1b57629b0>,"[1, 3]"
144,144,2593,804.0,146.0,True,1000,1,5,<__main__.HolmeKimNetwork object at 0x7fc1b5762d68>,<__main__.MultiplexPowerVariantExchange object at 0x7fc1b57629b0>,"[1, 3]"
145,145,1395,591.0,23.0,True,1000,1,5,<__main__.HolmeKimNetwork object at 0x7fc1b5762d68>,<__main__.MultiplexPowerVariantExchange object at 0x7fc1b57629b0>,"[1, 3]"
146,146,1551,386.0,201.0,True,1000,1,5,<__main__.HolmeKimNetwork object at 0x7fc1b5762d68>,<__main__.MultiplexPowerVariantExchange object at 0x7fc1b57629b0>,"[1, 3]"
147,147,3676,834.0,118.0,True,1000,1,5,<__main__.HolmeKimNetwork object at 0x7fc1b5762d68>,<__main__.MultiplexPowerVariantExchange object at 0x7fc1b57629b0>,"[1, 3]"
148,148,3491,566.0,94.0,True,1000,1,5,<__main__.HolmeKimNetwork object at 0x7fc1b5762d68>,<__main__.MultiplexPowerVariantExchange object at 0x7fc1b57629b0>,"[1, 3]"
149,149,3912,877.0,18.0,True,1000,1,5,<__main__.HolmeKimNetwork object at 0x7fc1b5762d68>,<__main__.MultiplexPowerVariantExchange object at 0x7fc1b57629b0>,"[1, 3]"
150,150,3446,953.0,47.0,True,1000,1,5,<__main__.HolmeKimNetwork object at 0x7fc1b5762d68>,<__main__.MultiplexPowerVariantExchange object at 0x7fc1b57629b0>,"[1, 3]"
151,151,2984,784.0,90.0,True,1000,1,5,<__main__.HolmeKimNetwork object at 0x7fc1b5762d68>,<__main__.MultiplexPowerVariantExchange object at 0x7fc1b57629b0>,"[1, 3]"
152,152,1425,639.0,78.0,True,1000,1,5,<__main__.HolmeKimNetwork object at 0x7fc1b5762d68>,<__main__.MultiplexPowerVariantExchange object at 0x7fc1b57629b0>,"[1, 3]"
153,153,2675,532.0,180.0,True,1000,1,5,<__main__.HolmeKimNetwork object at 0x7fc1b5762d68>,<__main__.MultiplexPowerVariantExchange object at 0x7fc1b57629b0>,"[1, 3]"
154,154,1777,696.0,40.0,True,1000,1,5,<__main__.HolmeKimNetwork object at 0x7fc1b5762d68>,<__main__.MultiplexPowerVariantExchange object at 0x7fc1b57629b0>,"[1, 3]"
155,155,2106,800.0,9.0,True,1000,1,5,<__main__.HolmeKimNetwork object at 0x7fc1b5762d68>,<__main__.MultiplexPowerVariantExchange object at 0x7fc1b57629b0>,"[1, 3]"
156,156,3762,936.0,64.0,True,1000,1,5,<__main__.HolmeKimNetwork object at 0x7fc1b5762d68>,<__main__.MultiplexPowerVariantExchange object at 0x7fc1b57629b0>,"[1, 3]"
157,157,2809,667.0,135.0,True,1000,1,5,<__main__.HolmeKimNetwork object at 0x7fc1b5762d68>,<__main__.MultiplexPowerVariantExchange object at 0x7fc1b57629b0>,"[1, 3]"
158,158,1578,586.0,192.0,True,1000,1,5,<__main__.HolmeKimNetwork object at 0x7fc1b5762d68>,<__main__.MultiplexPowerVariantExchange object at 0x7fc1b57629b0>,"[1, 3]"
159,159,1082,433.0,172.0,True,1000,1,5,<__main__.HolmeKimNetwork object at 0x7fc1b5762d68>,<__main__.MultiplexPowerVariantExchange object at 0x7fc1b57629b0>,"[1, 3]"
160,160,2256,557.0,154.0,True,1000,1,5,<__main__.HolmeKimNetwork object at 0x7fc1b5762d68>,<__main__.MultiplexPowerVariantExchange object at 0x7fc1b57629b0>,"[1, 3]"
161,161,1008,482.0,215.0,True,1000,1,5,<__main__.HolmeKimNetwork object at 0x7fc1b5762d68>,<__main__.MultiplexPowerVariantExchange object at 0x7fc1b57629b0>,"[1, 3]"
162,162,1210,801.0,182.0,True,1000,1,5,<__main__.HolmeKimNetwork object at 0x7fc1b5762d68>,<__main__.MultiplexPowerVariantExchange object at 0x7fc1b57629b0>,"[1, 3]"
163,163,1543,408.0,104.0,True,1000,1,5,<__main__.HolmeKimNetwork object at 0x7fc1b5762d68>,<__main__.MultiplexPowerVariantExchange object at 0x7fc1b57629b0>,"[1, 3]"
164,164,5000,,,False,1000,1,5,<__main__.HolmeKimNetwork object at 0x7fc1b5762d68>,<__main__.MultiplexPowerVariantExchange object at 0x7fc1b57629b0>,"[1, 3]"
165,165,1892,561.0,61.0,True,1000,1,5,<__main__.HolmeKimNetwork object at 0x7fc1b5762d68>,<__main__.MultiplexPowerVariantExchange object at 0x7fc1b57629b0>,"[1, 3]"
166,166,1783,316.0,187.0,True,1000,1,5,<__main__.HolmeKimNetwork object at 0x7fc1b5762d68>,<__main__.MultiplexPowerVariantExchange object at 0x7fc1b57629b0>,"[1, 3]"
167,167,1830,681.0,94.0,True,1000,1,5,<__main__.HolmeKimNetwork object at 0x7fc1b5762d68>,<__main__.MultiplexPowerVariantExchange object at 0x7fc1b57629b0>,"[1, 3]"
168,168,750,230.0,195.0,True,1000,1,5,<__main__.HolmeKimNetwork object at 0x7fc1b5762d68>,<__main__.MultiplexPowerVariantExchange object at 0x7fc1b57629b0>,"[1, 3]"
169,169,962,540.0,153.0,True,1000,1,5,<__main__.HolmeKimNetwork object at 0x7fc1b5762d68>,<__main__.MultiplexPowerVariantExchange object at 0x7fc1b57629b0>,"[1, 3]"
170,170,847,248.0,216.0,True,1000,1,5,<__main__.HolmeKimNetwork object at 0x7fc1b5762d68>,<__main__.MultiplexPowerVariantExchange object at 0x7fc1b57629b0>,"[1, 3]"
171,171,1307,560.0,129.0,True,1000,1,5,<__main__.HolmeKimNetwork object at 0x7fc1b5762d68>,<__main__.MultiplexPowerVariantExchange object at 0x7fc1b57629b0>,"[1, 3]"
172,172,3121,797.0,73.0,True,1000,1,5,<__main__.HolmeKimNetwork object at 0x7fc1b5762d68>,<__main__.MultiplexPowerVariantExchange object at 0x7fc1b57629b0>,"[1, 3]"
173,173,1551,622.0,124.0,True,1000,1,5,<__main__.HolmeKimNetwork object at 0x7fc1b5762d68>,<__main__.MultiplexPowerVariantExchange object at 0x7fc1b57629b0>,"[1, 3]"
174,174,834,523.0,200.0,True,1000,1,5,<__main__.HolmeKimNetwork object at 0x7fc1b5762d68>,<__main__.MultiplexPowerVariantExchange object at 0x7fc1b57629b0>,"[1, 3]"
175,175,1074,491.0,202.0,True,1000,1,5,<__main__.HolmeKimNetwork object at 0x7fc1b5762d68>,<__main__.MultiplexPowerVariantExchange object at 0x7fc1b57629b0>,"[1, 3]"
176,176,1598,465.0,142.0,True,1000,1,5,<__main__.HolmeKimNetwork object at 0x7fc1b5762d68>,<__main__.MultiplexPowerVariantExchange object at 0x7fc1b57629b0>,"[1, 3]"
177,177,1183,419.0,119.0,True,1000,1,5,<__main__.HolmeKimNetwork object at 0x7fc1b5762d68>,<__main__.MultiplexPowerVariantExchange object at 0x7fc1b57629b0>,"[1, 3]"
178,178,5000,,,False,1000,1,5,<__main__.HolmeKimNetwork object at 0x7fc1b5762d68>,<__main__.MultiplexPowerVariantExchange object at 0x7fc1b57629b0>,"[1, 3]"
179,179,3232,853.0,56.0,True,1000,1,5,<__main__.HolmeKimNetwork object at 0x7fc1b5762d68>,<__main__.MultiplexPowerVariantExchange object at 0x7fc1b57629b0>,"[1, 3]"
180,180,4813,918.0,82.0,True,1000,1,5,<__main__.HolmeKimNetwork object at 0x7fc1b5762d68>,<__main__.MultiplexPowerVariantExchange object at 0x7fc1b57629b0>,"[1, 3]"
181,181,1563,749.0,189.0,True,1000,1,5,<__main__.HolmeKimNetwork object at 0x7fc1b5762d68>,<__main__.MultiplexPowerVariantExchange object at 0x7fc1b57629b0>,"[1, 3]"
182,182,2485,710.0,170.0,True,1000,1,5,<__main__.HolmeKimNetwork object at 0x7fc1b5762d68>,<__main__.MultiplexPowerVariantExchange object at 0x7fc1b57629b0>,"[1, 3]"
183,183,2902,503.0,189.0,True,1000,1,5,<__main__.HolmeKimNetwork object at 0x7fc1b5762d68>,<__main__.MultiplexPowerVariantExchange object at 0x7fc1b57629b0>,"[1, 3]"
184,184,3197,755.0,147.0,True,1000,1,5,<__main__.HolmeKimNetwork object at 0x7fc1b5762d68>,<__main__.MultiplexPowerVariantExchange object at 0x7fc1b57629b0>,"[1, 3]"
185,185,5000,,,False,1000,1,5,<__main__.HolmeKimNetwork object at 0x7fc1b5762d68>,<__main__.MultiplexPowerVariantExchange object at 0x7fc1b57629b0>,"[1, 3]"
186,186,1206,619.0,129.0,True,1000,1,5,<__main__.HolmeKimNetwork object at 0x7fc1b5762d68>,<__main__.MultiplexPowerVariantExchange object at 0x7fc1b57629b0>,"[1, 3]"
187,187,3673,896.0,99.0,True,1000,1,5,<__main__.HolmeKimNetwork object at 0x7fc1b5762d68>,<__main__.MultiplexPowerVariantExchange object at 0x7fc1b57629b0>,"[1, 3]"
188,188,1173,617.0,171.0,True,1000,1,5,<__main__.HolmeKimNetwork object at 0x7fc1b5762d68>,<__main__.MultiplexPowerVariantExchange object at 0x7fc1b57629b0>,"[1, 3]"
189,189,1021,490.0,195.0,True,1000,1,5,<__main__.HolmeKimNetwork object at 0x7fc1b5762d68>,<__main__.MultiplexPowerVariantExchange object at 0x7fc1b57629b0>,"[1, 3]"
190,190,2085,738.0,62.0,True,1000,1,5,<__main__.HolmeKimNetwork object at 0x7fc1b5762d68>,<__main__.MultiplexPowerVariantExchange object at 0x7fc1b57629b0>,"[1, 3]"
191,191,1052,396.0,163.0,True,1000,1,5,<__main__.HolmeKimNetwork object at 0x7fc1b5762d68>,<__main__.MultiplexPowerVariantExchange object at 0x7fc1b57629b0>,"[1, 3]"
192,192,2251,461.0,83.0,True,1000,1,5,<__main__.HolmeKimNetwork object at 0x7fc1b5762d68>,<__main__.MultiplexPowerVariantExchange object at 0x7fc1b57629b0>,"[1, 3]"
193,193,1127,394.0,158.0,True,1000,1,5,<__main__.HolmeKimNetwork object at 0x7fc1b5762d68>,<__main__.MultiplexPowerVariantExchange object at 0x7fc1b57629b0>,"[1, 3]"
194,194,1051,548.0,196.0,True,1000,1,5,<__main__.HolmeKimNetwork object at 0x7fc1b5762d68>,<__main__.MultiplexPowerVariantExchange object at 0x7fc1b57629b0>,"[1, 3]"
195,195,1034,635.0,76.0,True,1000,1,5,<__main__.HolmeKimNetwork object at 0x7fc1b5762d68>,<__main__.MultiplexPowerVariantExchange object at 0x7fc1b57629b0>,"[1, 3]"
196,196,2296,494.0,201.0,True,1000,1,5,<__main__.HolmeKimNetwork object at 0x7fc1b5762d68>,<__main__.MultiplexPowerVariantExchange object at 0x7fc1b57629b0>,"[1, 3]"
197,197,1233,449.0,210.0,True,1000,1,5,<__main__.HolmeKimNetwork object at 0x7fc1b5762d68>,<__main__.MultiplexPowerVariantExchange object at 0x7fc1b57629b0>,"[1, 3]"
198,198,3862,934.0,66.0,True,1000,1,5,<__main__.HolmeKimNetwork object at 0x7fc1b5762d68>,<__main__.MultiplexPowerVariantExchange object at 0x7fc1b57629b0>,"[1, 3]"
199,199,678,549.0,153.0,True,1000,1,5,<__main__.HolmeKimNetwork object at 0x7fc1b5762d68>,<__main__.MultiplexPowerVariantExchange object at 0x7fc1b57629b0>,"[1, 3]"
200,200,1057,421.0,216.0,True,1000,1,5,<__main__.HolmeKimNetwork object at 0x7fc1b5762d68>,<__main__.MultiplexPowerVariantExchange object at 0x7fc1b57629b0>,"[1, 3]"
201,201,1158,513.0,149.0,True,1000,1,5,<__main__.HolmeKimNetwork object at 0x7fc1b5762d68>,<__main__.MultiplexPowerVariantExchange object at 0x7fc1b57629b0>,"[1, 3]"
202,202,974,862.0,128.0,True,1000,1,5,<__main__.HolmeKimNetwork object at 0x7fc1b5762d68>,<__main__.MultiplexPowerVariantExchange object at 0x7fc1b57629b0>,"[1, 3]"
203,203,3405,571.0,124.0,True,1000,1,5,<__main__.HolmeKimNetwork object at 0x7fc1b5762d68>,<__main__.MultiplexPowerVariantExchange object at 0x7fc1b57629b0>,"[1, 3]"
204,204,631,470.0,108.0,True,1000,1,5,<__main__.HolmeKimNetwork object at 0x7fc1b5762d68>,<__main__.MultiplexPowerVariantExchange object at 0x7fc1b57629b0>,"[1, 3]"
205,205,3895,593.0,138.0,True,1000,1,5,<__main__.HolmeKimNetwork object at 0x7fc1b5762d68>,<__main__.MultiplexPowerVariantExchange object at 0x7fc1b57629b0>,"[1, 3]"
206,206,738,383.0,145.0,True,1000,1,5,<__main__.HolmeKimNetwork object at 0x7fc1b5762d68>,<__main__.MultiplexPowerVariantExchange object at 0x7fc1b57629b0>,"[1, 3]"
207,207,2687,835.0,72.0,True,1000,1,5,<__main__.HolmeKimNetwork object at 0x7fc1b5762d68>,<__main__.MultiplexPowerVariantExchange object at 0x7fc1b57629b0>,"[1, 3]"
208,208,1631,485.0,138.0,True,1000,1,5,<__main__.HolmeKimNetwork object at 0x7fc1b5762d68>,<__main__.MultiplexPowerVariantExchange object at 0x7fc1b57629b0>,"[1, 3]"
209,209,5000,,,False,1000,1,5,<__main__.HolmeKimNetwork object at 0x7fc1b5762d68>,<__main__.MultiplexPowerVariantExchange object at 0x7fc1b57629b0>,"[1, 3]"
210,210,3173,715.0,76.0,True,1000,1,5,<__main__.HolmeKimNetwork object at 0x7fc1b5762d68>,<__main__.MultiplexPowerVariantExchange object at 0x7fc1b57629b0>,"[1, 3]"
211,211,1022,416.0,215.0,True,1000,1,5,<__main__.HolmeKimNetwork object at 0x7fc1b5762d68>,<__main__.MultiplexPowerVariantExchange object at 0x7fc1b57629b0>,"[1, 3]"
212,212,365,402.0,210.0,True,1000,1,5,<__main__.HolmeKimNetwork object at 0x7fc1b5762d68>,<__main__.MultiplexPowerVariantExchange object at 0x7fc1b57629b0>,"[1, 3]"
213,213,1235,477.0,199.0,True,1000,1,5,<__main__.HolmeKimNetwork object at 0x7fc1b5762d68>,<__main__.MultiplexPowerVariantExchange object at 0x7fc1b57629b0>,"[1, 3]"
214,214,5000,,,False,1000,1,5,<__main__.HolmeKimNetwork object at 0x7fc1b5762d68>,<__main__.MultiplexPowerVariantExchange object at 0x7fc1b57629b0>,"[1, 3]"
215,215,2144,447.0,194.0,True,1000,1,5,<__main__.HolmeKimNetwork object at 0x7fc1b5762d68>,<__main__.MultiplexPowerVariantExchange object at 0x7fc1b57629b0>,"[1, 3]"
216,216,3616,632.0,171.0,True,1000,1,5,<__main__.HolmeKimNetwork object at 0x7fc1b5762d68>,<__main__.MultiplexPowerVariantExchange object at 0x7fc1b57629b0>,"[1, 3]"
217,217,680,306.0,187.0,True,1000,1,5,<__main__.HolmeKimNetwork object at 0x7fc1b5762d68>,<__main__.MultiplexPowerVariantExchange object at 0x7fc1b57629b0>,"[1, 3]"
218,218,2234,441.0,173.0,True,1000,1,5,<__main__.HolmeKimNetwork object at 0x7fc1b5762d68>,<__main__.MultiplexPowerVariantExchange object at 0x7fc1b57629b0>,"[1, 3]"
219,219,1574,762.0,77.0,True,1000,1,5,<__main__.HolmeKimNetwork object at 0x7fc1b5762d68>,<__main__.MultiplexPowerVariantExchange object at 0x7fc1b57629b0>,"[1, 3]"
220,220,1040,464.0,139.0,True,1000,1,5,<__main__.HolmeKimNetwork object at 0x7fc1b5762d68>,<__main__.MultiplexPowerVariantExchange object at 0x7fc1b57629b0>,"[1, 3]"
221,221,2841,664.0,179.0,True,1000,1,5,<__main__.HolmeKimNetwork object at 0x7fc1b5762d68>,<__main__.MultiplexPowerVariantExchange object at 0x7fc1b57629b0>,"[1, 3]"
222,222,1369,438.0,194.0,True,1000,1,5,<__main__.HolmeKimNetwork object at 0x7fc1b5762d68>,<__main__.MultiplexPowerVariantExchange object at 0x7fc1b57629b0>,"[1, 3]"
223,223,2848,855.0,145.0,True,1000,1,5,<__main__.HolmeKimNetwork object at 0x7fc1b5762d68>,<__main__.MultiplexPowerVariantExchange object at 0x7fc1b57629b0>,"[1, 3]"
224,224,1532,628.0,144.0,True,1000,1,5,<__main__.HolmeKimNetwork object at 0x7fc1b5762d68>,<__main__.MultiplexPowerVariantExchange object at 0x7fc1b57629b0>,"[1, 3]"
225,225,2418,791.0,175.0,True,1000,1,5,<__main__.HolmeKimNetwork object at 0x7fc1b5762d68>,<__main__.MultiplexPowerVariantExchange object at 0x7fc1b57629b0>,"[1, 3]"
226,226,4121,693.0,107.0,True,1000,1,5,<__main__.HolmeKimNetwork object at 0x7fc1b5762d68>,<__main__.MultiplexPowerVariantExchange object at 0x7fc1b57629b0>,"[1, 3]"
227,227,2333,949.0,51.0,True,1000,1,5,<__main__.HolmeKimNetwork object at 0x7fc1b5762d68>,<__main__.MultiplexPowerVariantExchange object at 0x7fc1b57629b0>,"[1, 3]"
228,228,2458,613.0,189.0,True,1000,1,5,<__main__.HolmeKimNetwork object at 0x7fc1b5762d68>,<__main__.MultiplexPowerVariantExchange object at 0x7fc1b57629b0>,"[1, 3]"
229,229,3268,780.0,68.0,True,1000,1,5,<__main__.HolmeKimNetwork object at 0x7fc1b5762d68>,<__main__.MultiplexPowerVariantExchange object at 0x7fc1b57629b0>,"[1, 3]"
230,230,2106,621.0,188.0,True,1000,1,5,<__main__.HolmeKimNetwork object at 0x7fc1b5762d68>,<__main__.MultiplexPowerVariantExchange object at 0x7fc1b57629b0>,"[1, 3]"
231,231,1887,433.0,85.0,True,1000,1,5,<__main__.HolmeKimNetwork object at 0x7fc1b5762d68>,<__main__.MultiplexPowerVariantExchange object at 0x7fc1b57629b0>,"[1, 3]"
232,232,826,371.0,166.0,True,1000,1,5,<__main__.HolmeKimNetwork object at 0x7fc1b5762d68>,<__main__.MultiplexPowerVariantExchange object at 0x7fc1b57629b0>,"[1, 3]"
233,233,2691,921.0,42.0,True,1000,1,5,<__main__.HolmeKimNetwork object at 0x7fc1b5762d68>,<__main__.MultiplexPowerVariantExchange object at 0x7fc1b57629b0>,"[1, 3]"
234,234,1364,771.0,48.0,True,1000,1,5,<__main__.HolmeKimNetwork object at 0x7fc1b5762d68>,<__main__.MultiplexPowerVariantExchange object at 0x7fc1b57629b0>,"[1, 3]"
235,235,1734,874.0,34.0,True,1000,1,5,<__main__.HolmeKimNetwork object at 0x7fc1b5762d68>,<__main__.MultiplexPowerVariantExchange object at 0x7fc1b57629b0>,"[1, 3]"
236,236,1975,617.0,145.0,True,1000,1,5,<__main__.HolmeKimNetwork object at 0x7fc1b5762d68>,<__main__.MultiplexPowerVariantExchange object at 0x7fc1b57629b0>,"[1, 3]"
237,237,2565,468.0,108.0,True,1000,1,5,<__main__.HolmeKimNetwork object at 0x7fc1b5762d68>,<__main__.MultiplexPowerVariantExchange object at 0x7fc1b57629b0>,"[1, 3]"
238,238,1465,448.0,133.0,True,1000,1,5,<__main__.HolmeKimNetwork object at 0x7fc1b5762d68>,<__main__.MultiplexPowerVariantExchange object at 0x7fc1b57629b0>,"[1, 3]"
239,239,3220,874.0,126.0,True,1000,1,5,<__main__.HolmeKimNetwork object at 0x7fc1b5762d68>,<__main__.MultiplexPowerVariantExchange object at 0x7fc1b57629b0>,"[1, 3]"
240,240,738,489.0,235.0,True,1000,1,5,<__main__.HolmeKimNetwork object at 0x7fc1b5762d68>,<__main__.MultiplexPowerVariantExchange object at 0x7fc1b57629b0>,"[1, 3]"
241,241,1637,758.0,133.0,True,1000,1,5,<__main__.HolmeKimNetwork object at 0x7fc1b5762d68>,<__main__.MultiplexPowerVariantExchange object at 0x7fc1b57629b0>,"[1, 3]"
242,242,5000,,,False,1000,1,5,<__main__.HolmeKimNetwork object at 0x7fc1b5762d68>,<__main__.MultiplexPowerVariantExchange object at 0x7fc1b57629b0>,"[1, 3]"
243,243,3463,766.0,153.0,True,1000,1,5,<__main__.HolmeKimNetwork object at 0x7fc1b5762d68>,<__main__.MultiplexPowerVariantExchange object at 0x7fc1b57629b0>,"[1, 3]"
244,244,896,332.0,209.0,True,1000,1,5,<__main__.HolmeKimNetwork object at 0x7fc1b5762d68>,<__main__.MultiplexPowerVariantExchange object at 0x7fc1b57629b0>,"[1, 3]"
245,245,1073,395.0,160.0,True,1000,1,5,<__main__.HolmeKimNetwork object at 0x7fc1b5762d68>,<__main__.MultiplexPowerVariantExchange object at 0x7fc1b57629b0>,"[1, 3]"
246,246,1852,560.0,77.0,True,1000,1,5,<__main__.HolmeKimNetwork object at 0x7fc1b5762d68>,<__main__.MultiplexPowerVariantExchange object at 0x7fc1b57629b0>,"[1, 3]"
247,247,2583,498.0,208.0,True,1000,1,5,<__main__.HolmeKimNetwork object at 0x7fc1b5762d68>,<__main__.MultiplexPowerVariantExchange object at 0x7fc1b57629b0>,"[1, 3]"
248,248,2008,963.0,37.0,True,1000,1,5,<__main__.HolmeKimNetwork object at 0x7fc1b5762d68>,<__main__.MultiplexPowerVariantExchange object at 0x7fc1b57629b0>,"[1, 3]"
249,249,3521,978.0,22.0,True,1000,1,5,<__main__.HolmeKimNetwork object at 0x7fc1b5762d68>,<__main__.MultiplexPowerVariantExchange object at 0x7fc1b57629b0>,"[1, 3]"
250,250,3270,715.0,10.0,True,1000,1,5,<__main__.HolmeKimNetwork object at 0x7fc1b5762d68>,<__main__.MultiplexPowerVariantExchange object at 0x7fc1b57629b0>,"[1, 3]"
251,251,1137,691.0,121.0,True,1000,1,5,<__main__.HolmeKimNetwork object at 0x7fc1b5762d68>,<__main__.MultiplexPowerVariantExchange object at 0x7fc1b57629b0>,"[1, 3]"
252,252,1093,566.0,142.0,True,1000,1,5,<__main__.HolmeKimNetwork object at 0x7fc1b5762d68>,<__main__.MultiplexPowerVariantExchange object at 0x7fc1b57629b0>,"[1, 3]"
253,253,801,693.0,130.0,True,1000,1,5,<__main__.HolmeKimNetwork object at 0x7fc1b5762d68>,<__main__.MultiplexPowerVariantExchange object at 0x7fc1b57629b0>,"[1, 3]"
254,254,1448,627.0,194.0,True,1000,1,5,<__main__.HolmeKimNetwork object at 0x7fc1b5762d68>,<__main__.MultiplexPowerVariantExchange object at 0x7fc1b57629b0>,"[1, 3]"
255,255,2877,715.0,105.0,True,1000,1,5,<__main__.HolmeKimNetwork object at 0x7fc1b5762d68>,<__main__.MultiplexPowerVariantExchange object at 0x7fc1b57629b0>,"[1, 3]"
256,256,3520,673.0,120.0,True,1000,1,5,<__main__.HolmeKimNetwork object at 0x7fc1b5762d68>,<__main__.MultiplexPowerVariantExchange object at 0x7fc1b57629b0>,"[1, 3]"
257,257,2271,830.0,128.0,True,1000,1,5,<__main__.HolmeKimNetwork object at 0x7fc1b5762d68>,<__main__.MultiplexPowerVariantExchange object at 0x7fc1b57629b0>,"[1, 3]"
258,258,5000,,,False,1000,1,5,<__main__.HolmeKimNetwork object at 0x7fc1b5762d68>,<__main__.MultiplexPowerVariantExchange object at 0x7fc1b57629b0>,"[1, 3]"
259,259,3836,698.0,161.0,True,1000,1,5,<__main__.HolmeKimNetwork object at 0x7fc1b5762d68>,<__main__.MultiplexPowerVariantExchange object at 0x7fc1b57629b0>,"[1, 3]"
260,260,4276,761.0,157.0,True,1000,1,5,<__main__.HolmeKimNetwork object at 0x7fc1b5762d68>,<__main__.MultiplexPowerVariantExchange object at 0x7fc1b57629b0>,"[1, 3]"
261,261,1256,369.0,102.0,True,1000,1,5,<__main__.HolmeKimNetwork object at 0x7fc1b5762d68>,<__main__.MultiplexPowerVariantExchange object at 0x7fc1b57629b0>,"[1, 3]"
262,262,3454,643.0,178.0,True,1000,1,5,<__main__.HolmeKimNetwork object at 0x7fc1b5762d68>,<__main__.MultiplexPowerVariantExchange object at 0x7fc1b57629b0>,"[1, 3]"
263,263,721,897.0,46.0,True,1000,1,5,<__main__.HolmeKimNetwork object at 0x7fc1b5762d68>,<__main__.MultiplexPowerVariantExchange object at 0x7fc1b57629b0>,"[1, 3]"
264,264,889,449.0,108.0,True,1000,1,5,<__main__.HolmeKimNetwork object at 0x7fc1b5762d68>,<__main__.MultiplexPowerVariantExchange object at 0x7fc1b57629b0>,"[1, 3]"
265,265,2167,687.0,59.0,True,1000,1,5,<__main__.HolmeKimNetwork object at 0x7fc1b5762d68>,<__main__.MultiplexPowerVariantExchange object at 0x7fc1b57629b0>,"[1, 3]"
266,266,5000,,,False,1000,1,5,<__main__.HolmeKimNetwork object at 0x7fc1b5762d68>,<__main__.MultiplexPowerVariantExchange object at 0x7fc1b57629b0>,"[1, 3]"
267,267,2082,863.0,137.0,True,1000,1,5,<__main__.HolmeKimNetwork object at 0x7fc1b5762d68>,<__main__.MultiplexPowerVariantExchange object at 0x7fc1b57629b0>,"[1, 3]"
268,268,1868,790.0,137.0,True,1000,1,5,<__main__.HolmeKimNetwork object at 0x7fc1b5762d68>,<__main__.MultiplexPowerVariantExchange object at 0x7fc1b57629b0>,"[1, 3]"
269,269,1222,648.0,36.0,True,1000,1,5,<__main__.HolmeKimNetwork object at 0x7fc1b5762d68>,<__main__.MultiplexPowerVariantExchange object at 0x7fc1b57629b0>,"[1, 3]"
270,270,804,362.0,207.0,True,1000,1,5,<__main__.HolmeKimNetwork object at 0x7fc1b5762d68>,<__main__.MultiplexPowerVariantExchange object at 0x7fc1b57629b0>,"[1, 3]"
271,271,1226,717.0,172.0,True,1000,1,5,<__main__.HolmeKimNetwork object at 0x7fc1b5762d68>,<__main__.MultiplexPowerVariantExchange object at 0x7fc1b57629b0>,"[1, 3]"
272,272,5000,,,False,1000,1,5,<__main__.HolmeKimNetwork object at 0x7fc1b5762d68>,<__main__.MultiplexPowerVariantExchange object at 0x7fc1b57629b0>,"[1, 3]"
273,273,2907,514.0,73.0,True,1000,1,5,<__main__.HolmeKimNetwork object at 0x7fc1b5762d68>,<__main__.MultiplexPowerVariantExchange object at 0x7fc1b57629b0>,"[1, 3]"
274,274,2881,798.0,168.0,True,1000,1,5,<__main__.HolmeKimNetwork object at 0x7fc1b5762d68>,<__main__.MultiplexPowerVariantExchange object at 0x7fc1b57629b0>,"[1, 3]"
275,275,4292,593.0,53.0,True,1000,1,5,<__main__.HolmeKimNetwork object at 0x7fc1b5762d68>,<__main__.MultiplexPowerVariantExchange object at 0x7fc1b57629b0>,"[1, 3]"
276,276,1188,838.0,112.0,True,1000,1,5,<__main__.HolmeKimNetwork object at 0x7fc1b5762d68>,<__main__.MultiplexPowerVariantExchange object at 0x7fc1b57629b0>,"[1, 3]"
277,277,2023,372.0,189.0,True,1000,1,5,<__main__.HolmeKimNetwork object at 0x7fc1b5762d68>,<__main__.MultiplexPowerVariantExchange object at 0x7fc1b57629b0>,"[1, 3]"
278,278,2728,930.0,64.0,True,1000,1,5,<__main__.HolmeKimNetwork object at 0x7fc1b5762d68>,<__main__.MultiplexPowerVariantExchange object at 0x7fc1b57629b0>,"[1, 3]"
279,279,1100,567.0,162.0,True,1000,1,5,<__main__.HolmeKimNetwork object at 0x7fc1b5762d68>,<__main__.MultiplexPowerVariantExchange object at 0x7fc1b57629b0>,"[1, 3]"
280,280,481,233.0,213.0,True,1000,1,5,<__main__.HolmeKimNetwork object at 0x7fc1b5762d68>,<__main__.MultiplexPowerVariantExchange object at 0x7fc1b57629b0>,"[1, 3]"
281,281,1754,874.0,123.0,True,1000,1,5,<__main__.HolmeKimNetwork object at 0x7fc1b5762d68>,<__main__.MultiplexPowerVariantExchange object at 0x7fc1b57629b0>,"[1, 3]"
282,282,1079,407.0,195.0,True,1000,1,5,<__main__.HolmeKimNetwork object at 0x7fc1b5762d68>,<__main__.MultiplexPowerVariantExchange object at 0x7fc1b57629b0>,"[1, 3]"
283,283,1218,484.0,175.0,True,1000,1,5,<__main__.HolmeKimNetwork object at 0x7fc1b5762d68>,<__main__.MultiplexPowerVariantExchange object at 0x7fc1b57629b0>,"[1, 3]"
284,284,639,312.0,211.0,True,1000,1,5,<__main__.HolmeKimNetwork object at 0x7fc1b5762d68>,<__main__.MultiplexPowerVariantExchange object at 0x7fc1b57629b0>,"[1, 3]"
285,285,2510,506.0,115.0,True,1000,1,5,<__main__.HolmeKimNetwork object at 0x7fc1b5762d68>,<__main__.MultiplexPowerVariantExchange object at 0x7fc1b57629b0>,"[1, 3]"
286,286,1935,803.0,9.0,True,1000,1,5,<__main__.HolmeKimNetwork object at 0x7fc1b5762d68>,<__main__.MultiplexPowerVariantExchange object at 0x7fc1b57629b0>,"[1, 3]"
287,287,2499,866.0,104.0,True,1000,1,5,<__main__.HolmeKimNetwork object at 0x7fc1b5762d68>,<__main__.MultiplexPowerVariantExchange object at 0x7fc1b57629b0>,"[1, 3]"
288,288,2012,468.0,112.0,True,1000,1,5,<__main__.HolmeKimNetwork object at 0x7fc1b5762d68>,<__main__.MultiplexPowerVariantExchange object at 0x7fc1b57629b0>,"[1, 3]"
289,289,1571,780.0,173.0,True,1000,1,5,<__main__.HolmeKimNetwork object at 0x7fc1b5762d68>,<__main__.MultiplexPowerVariantExchange object at 0x7fc1b57629b0>,"[1, 3]"
290,290,1998,667.0,75.0,True,1000,1,5,<__main__.HolmeKimNetwork object at 0x7fc1b5762d68>,<__main__.MultiplexPowerVariantExchange object at 0x7fc1b57629b0>,"[1, 3]"
291,291,1400,353.0,158.0,True,1000,1,5,<__main__.HolmeKimNetwork object at 0x7fc1b5762d68>,<__main__.MultiplexPowerVariantExchange object at 0x7fc1b57629b0>,"[1, 3]"
292,292,1939,451.0,203.0,True,1000,1,5,<__main__.HolmeKimNetwork object at 0x7fc1b5762d68>,<__main__.MultiplexPowerVariantExchange object at 0x7fc1b57629b0>,"[1, 3]"
293,293,2152,615.0,162.0,True,1000,1,5,<__main__.HolmeKimNetwork object at 0x7fc1b5762d68>,<__main__.MultiplexPowerVariantExchange object at 0x7fc1b57629b0>,"[1, 3]"
294,294,601,446.0,57.0,True,1000,1,5,<__main__.HolmeKimNetwork object at 0x7fc1b5762d68>,<__main__.MultiplexPowerVariantExchange object at 0x7fc1b57629b0>,"[1, 3]"
295,295,2663,474.0,206.0,True,1000,1,5,<__main__.HolmeKimNetwork object at 0x7fc1b5762d68>,<__main__.MultiplexPowerVariantExchange object at 0x7fc1b57629b0>,"[1, 3]"
296,296,1241,531.0,140.0,True,1000,1,5,<__main__.HolmeKimNetwork object at 0x7fc1b5762d68>,<__main__.MultiplexPowerVariantExchange object at 0x7fc1b57629b0>,"[1, 3]"
297,297,2645,684.0,100.0,True,1000,1,5,<__main__.HolmeKimNetwork object at 0x7fc1b5762d68>,<__main__.MultiplexPowerVariantExchange object at 0x7fc1b57629b0>,"[1, 3]"
298,298,1058,609.0,12.0,True,1000,1,5,<__main__.HolmeKimNetwork object at 0x7fc1b5762d68>,<__main__.MultiplexPowerVariantExchange object at 0x7fc1b57629b0>,"[1, 3]"
299,299,782,323.0,213.0,True,1000,1,5,<__main__.HolmeKimNetwork object at 0x7fc1b5762d68>,<__main__.MultiplexPowerVariantExchange object at 0x7fc1b57629b0>,"[1, 3]"
300,300,1410,527.0,31.0,True,1000,1,5,<__main__.HolmeKimNetwork object at 0x7fc1b5762d68>,<__main__.MultiplexPowerVariantExchange object at 0x7fc1b57629b0>,"[1, 3]"
301,301,1171,478.0,53.0,True,1000,1,5,<__main__.HolmeKimNetwork object at 0x7fc1b5762d68>,<__main__.MultiplexPowerVariantExchange object at 0x7fc1b57629b0>,"[1, 3]"
302,302,1328,571.0,124.0,True,1000,1,5,<__main__.HolmeKimNetwork object at 0x7fc1b5762d68>,<__main__.MultiplexPowerVariantExchange object at 0x7fc1b57629b0>,"[1, 3]"
303,303,4240,817.0,52.0,True,1000,1,5,<__main__.HolmeKimNetwork object at 0x7fc1b5762d68>,<__main__.MultiplexPowerVariantExchange object at 0x7fc1b57629b0>,"[1, 3]"
304,304,5000,,,False,1000,1,5,<__main__.HolmeKimNetwork object at 0x7fc1b5762d68>,<__main__.MultiplexPowerVariantExchange object at 0x7fc1b57629b0>,"[1, 3]"
305,305,669,405.0,158.0,True,1000,1,5,<__main__.HolmeKimNetwork object at 0x7fc1b5762d68>,<__main__.MultiplexPowerVariantExchange object at 0x7fc1b57629b0>,"[1, 3]"
306,306,1905,862.0,50.0,True,1000,1,5,<__main__.HolmeKimNetwork object at 0x7fc1b5762d68>,<__main__.MultiplexPowerVariantExchange object at 0x7fc1b57629b0>,"[1, 3]"
307,307,5000,,,False,1000,1,5,<__main__.HolmeKimNetwork object at 0x7fc1b5762d68>,<__main__.MultiplexPowerVariantExchange object at 0x7fc1b57629b0>,"[1, 3]"
308,308,5000,,,False,1000,1,5,<__main__.HolmeKimNetwork object at 0x7fc1b5762d68>,<__main__.MultiplexPowerVariantExchange object at 0x7fc1b57629b0>,"[1, 3]"
309,309,2415,722.0,49.0,True,1000,1,5,<__main__.HolmeKimNetwork object at 0x7fc1b5762d68>,<__main__.MultiplexPowerVariantExchange object at 0x7fc1b57629b0>,"[1, 3]"
310,310,1753,683.0,64.0,True,1000,1,5,<__main__.HolmeKimNetwork object at 0x7fc1b5762d68>,<__main__.MultiplexPowerVariantExchange object at 0x7fc1b57629b0>,"[1, 3]"
311,311,3111,699.0,147.0,True,1000,1,5,<__main__.HolmeKimNetwork object at 0x7fc1b5762d68>,<__main__.MultiplexPowerVariantExchange object at 0x7fc1b57629b0>,"[1, 3]"
312,312,880,400.0,201.0,True,1000,1,5,<__main__.HolmeKimNetwork object at 0x7fc1b5762d68>,<__main__.MultiplexPowerVariantExchange object at 0x7fc1b57629b0>,"[1, 3]"
313,313,2384,751.0,111.0,True,1000,1,5,<__main__.HolmeKimNetwork object at 0x7fc1b5762d68>,<__main__.MultiplexPowerVariantExchange object at 0x7fc1b57629b0>,"[1, 3]"
314,314,2021,845.0,109.0,True,1000,1,5,<__main__.HolmeKimNetwork object at 0x7fc1b5762d68>,<__main__.MultiplexPowerVariantExchange object at 0x7fc1b57629b0>,"[1, 3]"
315,315,655,344.0,133.0,True,1000,1,5,<__main__.HolmeKimNetwork object at 0x7fc1b5762d68>,<__main__.MultiplexPowerVariantExchange object at 0x7fc1b57629b0>,"[1, 3]"
316,316,1117,661.0,121.0,True,1000,1,5,<__main__.HolmeKimNetwork object at 0x7fc1b5762d68>,<__main__.MultiplexPowerVariantExchange object at 0x7fc1b57629b0>,"[1, 3]"
317,317,2099,498.0,163.0,True,1000,1,5,<__main__.HolmeKimNetwork object at 0x7fc1b5762d68>,<__main__.MultiplexPowerVariantExchange object at 0x7fc1b57629b0>,"[1, 3]"
318,318,1147,408.0,120.0,True,1000,1,5,<__main__.HolmeKimNetwork object at 0x7fc1b5762d68>,<__main__.MultiplexPowerVariantExchange object at 0x7fc1b57629b0>,"[1, 3]"
319,319,913,445.0,199.0,True,1000,1,5,<__main__.HolmeKimNetwork object at 0x7fc1b5762d68>,<__main__.MultiplexPowerVariantExchange object at 0x7fc1b57629b0>,"[1, 3]"
320,320,1223,347.0,160.0,True,1000,1,5,<__main__.HolmeKimNetwork object at 0x7fc1b5762d68>,<__main__.MultiplexPowerVariantExchange object at 0x7fc1b57629b0>,"[1, 3]"
321,321,1479,924.0,72.0,True,1000,1,5,<__main__.HolmeKimNetwork object at 0x7fc1b5762d68>,<__main__.MultiplexPowerVariantExchange object at 0x7fc1b57629b0>,"[1, 3]"
322,322,1592,684.0,132.0,True,1000,1,5,<__main__.HolmeKimNetwork object at 0x7fc1b5762d68>,<__main__.MultiplexPowerVariantExchange object at 0x7fc1b57629b0>,"[1, 3]"
323,323,3100,809.0,191.0,True,1000,1,5,<__main__.HolmeKimNetwork object at 0x7fc1b5762d68>,<__main__.MultiplexPowerVariantExchange object at 0x7fc1b57629b0>,"[1, 3]"
324,324,2749,633.0,101.0,True,1000,1,5,<__main__.HolmeKimNetwork object at 0x7fc1b5762d68>,<__main__.MultiplexPowerVariantExchange object at 0x7fc1b57629b0>,"[1, 3]"
325,325,2944,510.0,106.0,True,1000,1,5,<__main__.HolmeKimNetwork object at 0x7fc1b5762d68>,<__main__.MultiplexPowerVariantExchange object at 0x7fc1b57629b0>,"[1, 3]"
326,326,1929,635.0,139.0,True,1000,1,5,<__main__.HolmeKimNetwork object at 0x7fc1b5762d68>,<__main__.MultiplexPowerVariantExchange object at 0x7fc1b57629b0>,"[1, 3]"
327,327,1586,481.0,174.0,True,1000,1,5,<__main__.HolmeKimNetwork object at 0x7fc1b5762d68>,<__main__.MultiplexPowerVariantExchange object at 0x7fc1b57629b0>,"[1, 3]"
328,328,663,412.0,126.0,True,1000,1,5,<__main__.HolmeKimNetwork object at 0x7fc1b5762d68>,<__main__.MultiplexPowerVariantExchange object at 0x7fc1b57629b0>,"[1, 3]"
329,329,1428,422.0,159.0,True,1000,1,5,<__main__.HolmeKimNetwork object at 0x7fc1b5762d68>,<__main__.MultiplexPowerVariantExchange object at 0x7fc1b57629b0>,"[1, 3]"
330,330,3473,736.0,145.0,True,1000,1,5,<__main__.HolmeKimNetwork object at 0x7fc1b5762d68>,<__main__.MultiplexPowerVariantExchange object at 0x7fc1b57629b0>,"[1, 3]"
331,331,3204,714.0,128.0,True,1000,1,5,<__main__.HolmeKimNetwork object at 0x7fc1b5762d68>,<__main__.MultiplexPowerVariantExchange object at 0x7fc1b57629b0>,"[1, 3]"
332,332,1709,523.0,202.0,True,1000,1,5,<__main__.HolmeKimNetwork object at 0x7fc1b5762d68>,<__main__.MultiplexPowerVariantExchange object at 0x7fc1b57629b0>,"[1, 3]"
333,333,1903,501.0,176.0,True,1000,1,5,<__main__.HolmeKimNetwork object at 0x7fc1b5762d68>,<__main__.MultiplexPowerVariantExchange object at 0x7fc1b57629b0>,"[1, 3]"
334,334,947,265.0,152.0,True,1000,1,5,<__main__.HolmeKimNetwork object at 0x7fc1b5762d68>,<__main__.MultiplexPowerVariantExchange object at 0x7fc1b57629b0>,"[1, 3]"
335,335,743,560.0,140.0,True,1000,1,5,<__main__.HolmeKimNetwork object at 0x7fc1b5762d68>,<__main__.MultiplexPowerVariantExchange object at 0x7fc1b57629b0>,"[1, 3]"
336,336,5000,,,False,1000,1,5,<__main__.HolmeKimNetwork object at 0x7fc1b5762d68>,<__main__.MultiplexPowerVariantExchange object at 0x7fc1b57629b0>,"[1, 3]"
337,337,3668,950.0,40.0,True,1000,1,5,<__main__.HolmeKimNetwork object at 0x7fc1b5762d68>,<__main__.MultiplexPowerVariantExchange object at 0x7fc1b57629b0>,"[1, 3]"
338,338,2895,833.0,83.0,True,1000,1,5,<__main__.HolmeKimNetwork object at 0x7fc1b5762d68>,<__main__.MultiplexPowerVariantExchange object at 0x7fc1b57629b0>,"[1, 3]"
339,339,3776,804.0,77.0,True,1000,1,5,<__main__.HolmeKimNetwork object at 0x7fc1b5762d68>,<__main__.MultiplexPowerVariantExchange object at 0x7fc1b57629b0>,"[1, 3]"
340,340,1268,621.0,186.0,True,1000,1,5,<__main__.HolmeKimNetwork object at 0x7fc1b5762d68>,<__main__.MultiplexPowerVariantExchange object at 0x7fc1b57629b0>,"[1, 3]"
341,341,1048,422.0,182.0,True,1000,1,5,<__main__.HolmeKimNetwork object at 0x7fc1b5762d68>,<__main__.MultiplexPowerVariantExchange object at 0x7fc1b57629b0>,"[1, 3]"
342,342,810,683.0,136.0,True,1000,1,5,<__main__.HolmeKimNetwork object at 0x7fc1b5762d68>,<__main__.MultiplexPowerVariantExchange object at 0x7fc1b57629b0>,"[1, 3]"
343,343,5000,,,False,1000,1,5,<__main__.HolmeKimNetwork object at 0x7fc1b5762d68>,<__main__.MultiplexPowerVariantExchange object at 0x7fc1b57629b0>,"[1, 3]"
344,344,1922,706.0,174.0,True,1000,1,5,<__main__.HolmeKimNetwork object at 0x7fc1b5762d68>,<__main__.MultiplexPowerVariantExchange object at 0x7fc1b57629b0>,"[1, 3]"
345,345,2479,679.0,92.0,True,1000,1,5,<__main__.HolmeKimNetwork object at 0x7fc1b5762d68>,<__main__.MultiplexPowerVariantExchange object at 0x7fc1b57629b0>,"[1, 3]"
346,346,1687,430.0,101.0,True,1000,1,5,<__main__.HolmeKimNetwork object at 0x7fc1b5762d68>,<__main__.MultiplexPowerVariantExchange object at 0x7fc1b57629b0>,"[1, 3]"
347,347,3828,868.0,87.0,True,1000,1,5,<__main__.HolmeKimNetwork object at 0x7fc1b5762d68>,<__main__.MultiplexPowerVariantExchange object at 0x7fc1b57629b0>,"[1, 3]"
348,348,1011,346.0,186.0,True,1000,1,5,<__main__.HolmeKimNetwork object at 0x7fc1b5762d68>,<__main__.MultiplexPowerVariantExchange object at 0x7fc1b57629b0>,"[1, 3]"
349,349,2479,962.0,38.0,True,1000,1,5,<__main__.HolmeKimNetwork object at 0x7fc1b5762d68>,<__main__.MultiplexPowerVariantExchange object at 0x7fc1b57629b0>,"[1, 3]"
350,350,1169,520.0,131.0,True,1000,1,5,<__main__.HolmeKimNetwork object at 0x7fc1b5762d68>,<__main__.MultiplexPowerVariantExchange object at 0x7fc1b57629b0>,"[1, 3]"
351,351,1564,455.0,185.0,True,1000,1,5,<__main__.HolmeKimNetwork object at 0x7fc1b5762d68>,<__main__.MultiplexPowerVariantExchange object at 0x7fc1b57629b0>,"[1, 3]"
352,352,5000,,,False,1000,1,5,<__main__.HolmeKimNetwork object at 0x7fc1b5762d68>,<__main__.MultiplexPowerVariantExchange object at 0x7fc1b57629b0>,"[1, 3]"
353,353,5000,,,False,1000,1,5,<__main__.HolmeKimNetwork object at 0x7fc1b5762d68>,<__main__.MultiplexPowerVariantExchange object at 0x7fc1b57629b0>,"[1, 3]"
354,354,1471,438.0,187.0,True,1000,1,5,<__main__.HolmeKimNetwork object at 0x7fc1b5762d68>,<__main__.MultiplexPowerVariantExchange object at 0x7fc1b57629b0>,"[1, 3]"
355,355,3330,805.0,83.0,True,1000,1,5,<__main__.HolmeKimNetwork object at 0x7fc1b5762d68>,<__main__.MultiplexPowerVariantExchange object at 0x7fc1b57629b0>,"[1, 3]"
356,356,4736,914.0,84.0,True,1000,1,5,<__main__.HolmeKimNetwork object at 0x7fc1b5762d68>,<__main__.MultiplexPowerVariantExchange object at 0x7fc1b57629b0>,"[1, 3]"
357,357,1743,721.0,225.0,True,1000,1,5,<__main__.HolmeKimNetwork object at 0x7fc1b5762d68>,<__main__.MultiplexPowerVariantExchange object at 0x7fc1b57629b0>,"[1, 3]"
358,358,3061,781.0,64.0,True,1000,1,5,<__main__.HolmeKimNetwork object at 0x7fc1b5762d68>,<__main__.MultiplexPowerVariantExchange object at 0x7fc1b57629b0>,"[1, 3]"
359,359,3233,709.0,20.0,True,1000,1,5,<__main__.HolmeKimNetwork object at 0x7fc1b5762d68>,<__main__.MultiplexPowerVariantExchange object at 0x7fc1b57629b0>,"[1, 3]"
360,360,2545,605.0,47.0,True,1000,1,5,<__main__.HolmeKimNetwork object at 0x7fc1b5762d68>,<__main__.MultiplexPowerVariantExchange object at 0x7fc1b57629b0>,"[1, 3]"
361,361,1248,534.0,180.0,True,1000,1,5,<__main__.HolmeKimNetwork object at 0x7fc1b5762d68>,<__main__.MultiplexPowerVariantExchange object at 0x7fc1b57629b0>,"[1, 3]"
362,362,1034,352.0,182.0,True,1000,1,5,<__main__.HolmeKimNetwork object at 0x7fc1b5762d68>,<__main__.MultiplexPowerVariantExchange object at 0x7fc1b57629b0>,"[1, 3]"
363,363,1523,534.0,193.0,True,1000,1,5,<__main__.HolmeKimNetwork object at 0x7fc1b5762d68>,<__main__.MultiplexPowerVariantExchange object at 0x7fc1b57629b0>,"[1, 3]"
364,364,2886,903.0,13.0,True,1000,1,5,<__main__.HolmeKimNetwork object at 0x7fc1b5762d68>,<__main__.MultiplexPowerVariantExchange object at 0x7fc1b57629b0>,"[1, 3]"
365,365,718,464.0,141.0,True,1000,1,5,<__main__.HolmeKimNetwork object at 0x7fc1b5762d68>,<__main__.MultiplexPowerVariantExchange object at 0x7fc1b57629b0>,"[1, 3]"
366,366,988,356.0,193.0,True,1000,1,5,<__main__.HolmeKimNetwork object at 0x7fc1b5762d68>,<__main__.MultiplexPowerVariantExchange object at 0x7fc1b57629b0>,"[1, 3]"
367,367,2898,456.0,193.0,True,1000,1,5,<__main__.HolmeKimNetwork object at 0x7fc1b5762d68>,<__main__.MultiplexPowerVariantExchange object at 0x7fc1b57629b0>,"[1, 3]"
368,368,2214,478.0,162.0,True,1000,1,5,<__main__.HolmeKimNetwork object at 0x7fc1b5762d68>,<__main__.MultiplexPowerVariantExchange object at 0x7fc1b57629b0>,"[1, 3]"
369,369,5000,,,False,1000,1,5,<__main__.HolmeKimNetwork object at 0x7fc1b5762d68>,<__main__.MultiplexPowerVariantExchange object at 0x7fc1b57629b0>,"[1, 3]"
370,370,1373,460.0,54.0,True,1000,1,5,<__main__.HolmeKimNetwork object at 0x7fc1b5762d68>,<__main__.MultiplexPowerVariantExchange object at 0x7fc1b57629b0>,"[1, 3]"
371,371,722,589.0,176.0,True,1000,1,5,<__main__.HolmeKimNetwork object at 0x7fc1b5762d68>,<__main__.MultiplexPowerVariantExchange object at 0x7fc1b57629b0>,"[1, 3]"
372,372,2395,698.0,68.0,True,1000,1,5,<__main__.HolmeKimNetwork object at 0x7fc1b5762d68>,<__main__.MultiplexPowerVariantExchange object at 0x7fc1b57629b0>,"[1, 3]"
373,373,5000,,,False,1000,1,5,<__main__.HolmeKimNetwork object at 0x7fc1b5762d68>,<__main__.MultiplexPowerVariantExchange object at 0x7fc1b57629b0>,"[1, 3]"
374,374,4914,775.0,94.0,True,1000,1,5,<__main__.HolmeKimNetwork object at 0x7fc1b5762d68>,<__main__.MultiplexPowerVariantExchange object at 0x7fc1b57629b0>,"[1, 3]"
375,375,3976,668.0,178.0,True,1000,1,5,<__main__.HolmeKimNetwork object at 0x7fc1b5762d68>,<__main__.MultiplexPowerVariantExchange object at 0x7fc1b57629b0>,"[1, 3]"
376,376,4020,910.0,4.0,True,1000,1,5,<__main__.HolmeKimNetwork object at 0x7fc1b5762d68>,<__main__.MultiplexPowerVariantExchange object at 0x7fc1b57629b0>,"[1, 3]"
377,377,2108,792.0,16.0,True,1000,1,5,<__main__.HolmeKimNetwork object at 0x7fc1b5762d68>,<__main__.MultiplexPowerVariantExchange object at 0x7fc1b57629b0>,"[1, 3]"
378,378,1435,657.0,150.0,True,1000,1,5,<__main__.HolmeKimNetwork object at 0x7fc1b5762d68>,<__main__.MultiplexPowerVariantExchange object at 0x7fc1b57629b0>,"[1, 3]"
379,379,3658,952.0,48.0,True,1000,1,5,<__main__.HolmeKimNetwork object at 0x7fc1b5762d68>,<__main__.MultiplexPowerVariantExchange object at 0x7fc1b57629b0>,"[1, 3]"
380,380,4409,897.0,103.0,True,1000,1,5,<__main__.HolmeKimNetwork object at 0x7fc1b5762d68>,<__main__.MultiplexPowerVariantExchange object at 0x7fc1b57629b0>,"[1, 3]"
381,381,3612,578.0,159.0,True,1000,1,5,<__main__.HolmeKimNetwork object at 0x7fc1b5762d68>,<__main__.MultiplexPowerVariantExchange object at 0x7fc1b57629b0>,"[1, 3]"
382,382,2064,726.0,103.0,True,1000,1,5,<__main__.HolmeKimNetwork object at 0x7fc1b5762d68>,<__main__.MultiplexPowerVariantExchange object at 0x7fc1b57629b0>,"[1, 3]"
383,383,899,632.0,95.0,True,1000,1,5,<__main__.HolmeKimNetwork object at 0x7fc1b5762d68>,<__main__.MultiplexPowerVariantExchange object at 0x7fc1b57629b0>,"[1, 3]"
384,384,1432,623.0,166.0,True,1000,1,5,<__main__.HolmeKimNetwork object at 0x7fc1b5762d68>,<__main__.MultiplexPowerVariantExchange object at 0x7fc1b57629b0>,"[1, 3]"
385,385,869,668.0,140.0,True,1000,1,5,<__main__.HolmeKimNetwork object at 0x7fc1b5762d68>,<__main__.MultiplexPowerVariantExchange object at 0x7fc1b57629b0>,"[1, 3]"
386,386,2595,784.0,94.0,True,1000,1,5,<__main__.HolmeKimNetwork object at 0x7fc1b5762d68>,<__main__.MultiplexPowerVariantExchange object at 0x7fc1b57629b0>,"[1, 3]"
387,387,2630,578.0,108.0,True,1000,1,5,<__main__.HolmeKimNetwork object at 0x7fc1b5762d68>,<__main__.MultiplexPowerVariantExchange object at 0x7fc1b57629b0>,"[1, 3]"
388,388,3704,924.0,16.0,True,1000,1,5,<__main__.HolmeKimNetwork object at 0x7fc1b5762d68>,<__main__.MultiplexPowerVariantExchange object at 0x7fc1b57629b0>,"[1, 3]"
389,389,1740,616.0,123.0,True,1000,1,5,<__main__.HolmeKimNetwork object at 0x7fc1b5762d68>,<__main__.MultiplexPowerVariantExchange object at 0x7fc1b57629b0>,"[1, 3]"
390,390,2120,333.0,198.0,True,1000,1,5,<__main__.HolmeKimNetwork object at 0x7fc1b5762d68>,<__main__.MultiplexPowerVariantExchange object at 0x7fc1b57629b0>,"[1, 3]"
391,391,5000,,,False,1000,1,5,<__main__.HolmeKimNetwork object at 0x7fc1b5762d68>,<__main__.MultiplexPowerVariantExchange object at 0x7fc1b57629b0>,"[1, 3]"
392,392,3987,657.0,33.0,True,1000,1,5,<__main__.HolmeKimNetwork object at 0x7fc1b5762d68>,<__main__.MultiplexPowerVariantExchange object at 0x7fc1b57629b0>,"[1, 3]"
393,393,2230,875.0,21.0,True,1000,1,5,<__main__.HolmeKimNetwork object at 0x7fc1b5762d68>,<__main__.MultiplexPowerVariantExchange object at 0x7fc1b57629b0>,"[1, 3]"
394,394,1571,446.0,176.0,True,1000,1,5,<__main__.HolmeKimNetwork object at 0x7fc1b5762d68>,<__main__.MultiplexPowerVariantExchange object at 0x7fc1b57629b0>,"[1, 3]"
395,395,3285,530.0,27.0,True,1000,1,5,<__main__.HolmeKimNetwork object at 0x7fc1b5762d68>,<__main__.MultiplexPowerVariantExchange object at 0x7fc1b57629b0>,"[1, 3]"
396,396,943,476.0,219.0,True,1000,1,5,<__main__.HolmeKimNetwork object at 0x7fc1b5762d68>,<__main__.MultiplexPowerVariantExchange object at 0x7fc1b57629b0>,"[1, 3]"
397,397,2359,622.0,171.0,True,1000,1,5,<__main__.HolmeKimNetwork object at 0x7fc1b5762d68>,<__main__.MultiplexPowerVariantExchange object at 0x7fc1b57629b0>,"[1, 3]"
398,398,5000,,,False,1000,1,5,<__main__.HolmeKimNetwork object at 0x7fc1b5762d68>,<__main__.MultiplexPowerVariantExchange object at 0x7fc1b57629b0>,"[1, 3]"
399,399,3132,709.0,106.0,True,1000,1,5,<__main__.HolmeKimNetwork object at 0x7fc1b5762d68>,<__main__.MultiplexPowerVariantExchange object at 0x7fc1b57629b0>,"[1, 3]"
400,400,3061,833.0,116.0,True,1000,1,5,<__main__.HolmeKimNetwork object at 0x7fc1b5762d68>,<__main__.MultiplexPowerVariantExchange object at 0x7fc1b57629b0>,"[1, 3]"
401,401,5000,,,False,1000,1,5,<__main__.HolmeKimNetwork object at 0x7fc1b5762d68>,<__main__.MultiplexPowerVariantExchange object at 0x7fc1b57629b0>,"[1, 3]"
402,402,2983,700.0,142.0,True,1000,1,5,<__main__.HolmeKimNetwork object at 0x7fc1b5762d68>,<__main__.MultiplexPowerVariantExchange object at 0x7fc1b57629b0>,"[1, 3]"
403,403,2328,959.0,41.0,True,1000,1,5,<__main__.HolmeKimNetwork object at 0x7fc1b5762d68>,<__main__.MultiplexPowerVariantExchange object at 0x7fc1b57629b0>,"[1, 3]"
404,404,5000,,,False,1000,1,5,<__main__.HolmeKimNetwork object at 0x7fc1b5762d68>,<__main__.MultiplexPowerVariantExchange object at 0x7fc1b57629b0>,"[1, 3]"
405,405,3386,559.0,103.0,True,1000,1,5,<__main__.HolmeKimNetwork object at 0x7fc1b5762d68>,<__main__.MultiplexPowerVariantExchange object at 0x7fc1b57629b0>,"[1, 3]"
406,406,3499,783.0,73.0,True,1000,1,5,<__main__.HolmeKimNetwork object at 0x7fc1b5762d68>,<__main__.MultiplexPowerVariantExchange object at 0x7fc1b57629b0>,"[1, 3]"
407,407,4206,857.0,98.0,True,1000,1,5,<__main__.HolmeKimNetwork object at 0x7fc1b5762d68>,<__main__.MultiplexPowerVariantExchange object at 0x7fc1b57629b0>,"[1, 3]"
408,408,1275,508.0,115.0,True,1000,1,5,<__main__.HolmeKimNetwork object at 0x7fc1b5762d68>,<__main__.MultiplexPowerVariantExchange object at 0x7fc1b57629b0>,"[1, 3]"
409,409,2621,678.0,8.0,True,1000,1,5,<__main__.HolmeKimNetwork object at 0x7fc1b5762d68>,<__main__.MultiplexPowerVariantExchange object at 0x7fc1b57629b0>,"[1, 3]"
410,410,512,397.0,191.0,True,1000,1,5,<__main__.HolmeKimNetwork object at 0x7fc1b5762d68>,<__main__.MultiplexPowerVariantExchange object at 0x7fc1b57629b0>,"[1, 3]"
411,411,4720,646.0,216.0,True,1000,1,5,<__main__.HolmeKimNetwork object at 0x7fc1b5762d68>,<__main__.MultiplexPowerVariantExchange object at 0x7fc1b57629b0>,"[1, 3]"
412,412,920,390.0,173.0,True,1000,1,5,<__main__.HolmeKimNetwork object at 0x7fc1b5762d68>,<__main__.MultiplexPowerVariantExchange object at 0x7fc1b57629b0>,"[1, 3]"
413,413,1691,703.0,171.0,True,1000,1,5,<__main__.HolmeKimNetwork object at 0x7fc1b5762d68>,<__main__.MultiplexPowerVariantExchange object at 0x7fc1b57629b0>,"[1, 3]"
414,414,2033,513.0,67.0,True,1000,1,5,<__main__.HolmeKimNetwork object at 0x7fc1b5762d68>,<__main__.MultiplexPowerVariantExchange object at 0x7fc1b57629b0>,"[1, 3]"
415,415,2027,835.0,132.0,True,1000,1,5,<__main__.HolmeKimNetwork object at 0x7fc1b5762d68>,<__main__.MultiplexPowerVariantExchange object at 0x7fc1b57629b0>,"[1, 3]"
416,416,2228,415.0,153.0,True,1000,1,5,<__main__.HolmeKimNetwork object at 0x7fc1b5762d68>,<__main__.MultiplexPowerVariantExchange object at 0x7fc1b57629b0>,"[1, 3]"
417,417,2199,753.0,206.0,True,1000,1,5,<__main__.HolmeKimNetwork object at 0x7fc1b5762d68>,<__main__.MultiplexPowerVariantExchange object at 0x7fc1b57629b0>,"[1, 3]"
418,418,5000,,,False,1000,1,5,<__main__.HolmeKimNetwork object at 0x7fc1b5762d68>,<__main__.MultiplexPowerVariantExchange object at 0x7fc1b57629b0>,"[1, 3]"
419,419,2425,411.0,187.0,True,1000,1,5,<__main__.HolmeKimNetwork object at 0x7fc1b5762d68>,<__main__.MultiplexPowerVariantExchange object at 0x7fc1b57629b0>,"[1, 3]"
420,420,1090,354.0,197.0,True,1000,1,5,<__main__.HolmeKimNetwork object at 0x7fc1b5762d68>,<__main__.MultiplexPowerVariantExchange object at 0x7fc1b57629b0>,"[1, 3]"
421,421,1556,387.0,210.0,True,1000,1,5,<__main__.HolmeKimNetwork object at 0x7fc1b5762d68>,<__main__.MultiplexPowerVariantExchange object at 0x7fc1b57629b0>,"[1, 3]"
422,422,3475,637.0,3.0,True,1000,1,5,<__main__.HolmeKimNetwork object at 0x7fc1b5762d68>,<__main__.MultiplexPowerVariantExchange object at 0x7fc1b57629b0>,"[1, 3]"
423,423,1322,691.0,90.0,True,1000,1,5,<__main__.HolmeKimNetwork object at 0x7fc1b5762d68>,<__main__.MultiplexPowerVariantExchange object at 0x7fc1b57629b0>,"[1, 3]"
424,424,3949,891.0,55.0,True,1000,1,5,<__main__.HolmeKimNetwork object at 0x7fc1b5762d68>,<__main__.MultiplexPowerVariantExchange object at 0x7fc1b57629b0>,"[1, 3]"
425,425,1971,514.0,105.0,True,1000,1,5,<__main__.HolmeKimNetwork object at 0x7fc1b5762d68>,<__main__.MultiplexPowerVariantExchange object at 0x7fc1b57629b0>,"[1, 3]"
426,426,606,387.0,204.0,True,1000,1,5,<__main__.HolmeKimNetwork object at 0x7fc1b5762d68>,<__main__.MultiplexPowerVariantExchange object at 0x7fc1b57629b0>,"[1, 3]"
427,427,4629,488.0,74.0,True,1000,1,5,<__main__.HolmeKimNetwork object at 0x7fc1b5762d68>,<__main__.MultiplexPowerVariantExchange object at 0x7fc1b57629b0>,"[1, 3]"
428,428,4528,709.0,24.0,True,1000,1,5,<__main__.HolmeKimNetwork object at 0x7fc1b5762d68>,<__main__.MultiplexPowerVariantExchange object at 0x7fc1b57629b0>,"[1, 3]"
429,429,1572,384.0,186.0,True,1000,1,5,<__main__.HolmeKimNetwork object at 0x7fc1b5762d68>,<__main__.MultiplexPowerVariantExchange object at 0x7fc1b57629b0>,"[1, 3]"
430,430,3414,729.0,117.0,True,1000,1,5,<__main__.HolmeKimNetwork object at 0x7fc1b5762d68>,<__main__.MultiplexPowerVariantExchange object at 0x7fc1b57629b0>,"[1, 3]"
431,431,1726,605.0,117.0,True,1000,1,5,<__main__.HolmeKimNetwork object at 0x7fc1b5762d68>,<__main__.MultiplexPowerVariantExchange object at 0x7fc1b57629b0>,"[1, 3]"
432,432,4174,859.0,141.0,True,1000,1,5,<__main__.HolmeKimNetwork object at 0x7fc1b5762d68>,<__main__.MultiplexPowerVariantExchange object at 0x7fc1b57629b0>,"[1, 3]"
433,433,1440,680.0,156.0,True,1000,1,5,<__main__.HolmeKimNetwork object at 0x7fc1b5762d68>,<__main__.MultiplexPowerVariantExchange object at 0x7fc1b57629b0>,"[1, 3]"
434,434,910,415.0,144.0,True,1000,1,5,<__main__.HolmeKimNetwork object at 0x7fc1b5762d68>,<__main__.MultiplexPowerVariantExchange object at 0x7fc1b57629b0>,"[1, 3]"
435,435,4162,748.0,74.0,True,1000,1,5,<__main__.HolmeKimNetwork object at 0x7fc1b5762d68>,<__main__.MultiplexPowerVariantExchange object at 0x7fc1b57629b0>,"[1, 3]"
436,436,918,420.0,193.0,True,1000,1,5,<__main__.HolmeKimNetwork object at 0x7fc1b5762d68>,<__main__.MultiplexPowerVariantExchange object at 0x7fc1b57629b0>,"[1, 3]"
437,437,1357,568.0,30.0,True,1000,1,5,<__main__.HolmeKimNetwork object at 0x7fc1b5762d68>,<__main__.MultiplexPowerVariantExchange object at 0x7fc1b57629b0>,"[1, 3]"
438,438,1141,431.0,162.0,True,1000,1,5,<__main__.HolmeKimNetwork object at 0x7fc1b5762d68>,<__main__.MultiplexPowerVariantExchange object at 0x7fc1b57629b0>,"[1, 3]"
439,439,5000,,,False,1000,1,5,<__main__.HolmeKimNetwork object at 0x7fc1b5762d68>,<__main__.MultiplexPowerVariantExchange object at 0x7fc1b57629b0>,"[1, 3]"
440,440,839,678.0,201.0,True,1000,1,5,<__main__.HolmeKimNetwork object at 0x7fc1b5762d68>,<__main__.MultiplexPowerVariantExchange object at 0x7fc1b57629b0>,"[1, 3]"
441,441,3521,593.0,115.0,True,1000,1,5,<__main__.HolmeKimNetwork object at 0x7fc1b5762d68>,<__main__.MultiplexPowerVariantExchange object at 0x7fc1b57629b0>,"[1, 3]"
442,442,3942,556.0,141.0,True,1000,1,5,<__main__.HolmeKimNetwork object at 0x7fc1b5762d68>,<__main__.MultiplexPowerVariantExchange object at 0x7fc1b57629b0>,"[1, 3]"
443,443,2432,542.0,85.0,True,1000,1,5,<__main__.HolmeKimNetwork object at 0x7fc1b5762d68>,<__main__.MultiplexPowerVariantExchange object at 0x7fc1b57629b0>,"[1, 3]"
444,444,5000,,,False,1000,1,5,<__main__.HolmeKimNetwork object at 0x7fc1b5762d68>,<__main__.MultiplexPowerVariantExchange object at 0x7fc1b57629b0>,"[1, 3]"
445,445,839,530.0,147.0,True,1000,1,5,<__main__.HolmeKimNetwork object at 0x7fc1b5762d68>,<__main__.MultiplexPowerVariantExchange object at 0x7fc1b57629b0>,"[1, 3]"
446,446,4276,703.0,51.0,True,1000,1,5,<__main__.HolmeKimNetwork object at 0x7fc1b5762d68>,<__main__.MultiplexPowerVariantExchange object at 0x7fc1b57629b0>,"[1, 3]"
447,447,900,620.0,135.0,True,1000,1,5,<__main__.HolmeKimNetwork object at 0x7fc1b5762d68>,<__main__.MultiplexPowerVariantExchange object at 0x7fc1b57629b0>,"[1, 3]"
448,448,3168,900.0,100.0,True,1000,1,5,<__main__.HolmeKimNetwork object at 0x7fc1b5762d68>,<__main__.MultiplexPowerVariantExchange object at 0x7fc1b57629b0>,"[1, 3]"
449,449,1465,436.0,240.0,True,1000,1,5,<__main__.HolmeKimNetwork object at 0x7fc1b5762d68>,<__main__.MultiplexPowerVariantExchange object at 0x7fc1b57629b0>,"[1, 3]"
450,450,4031,808.0,134.0,True,1000,1,5,<__main__.HolmeKimNetwork object at 0x7fc1b5762d68>,<__main__.MultiplexPowerVariantExchange object at 0x7fc1b57629b0>,"[1, 3]"
451,451,4375,959.0,41.0,True,1000,1,5,<__main__.HolmeKimNetwork object at 0x7fc1b5762d68>,<__main__.MultiplexPowerVariantExchange object at 0x7fc1b57629b0>,"[1, 3]"
452,452,3071,734.0,106.0,True,1000,1,5,<__main__.HolmeKimNetwork object at 0x7fc1b5762d68>,<__main__.MultiplexPowerVariantExchange object at 0x7fc1b57629b0>,"[1, 3]"
453,453,1442,645.0,182.0,True,1000,1,5,<__main__.HolmeKimNetwork object at 0x7fc1b5762d68>,<__main__.MultiplexPowerVariantExchange object at 0x7fc1b57629b0>,"[1, 3]"
454,454,1720,969.0,31.0,True,1000,1,5,<__main__.HolmeKimNetwork object at 0x7fc1b5762d68>,<__main__.MultiplexPowerVariantExchange object at 0x7fc1b57629b0>,"[1, 3]"
455,455,1261,748.0,184.0,True,1000,1,5,<__main__.HolmeKimNetwork object at 0x7fc1b5762d68>,<__main__.MultiplexPowerVariantExchange object at 0x7fc1b57629b0>,"[1, 3]"
456,456,5000,,,False,1000,1,5,<__main__.HolmeKimNetwork object at 0x7fc1b5762d68>,<__main__.MultiplexPowerVariantExchange object at 0x7fc1b57629b0>,"[1, 3]"
457,457,1939,504.0,105.0,True,1000,1,5,<__main__.HolmeKimNetwork object at 0x7fc1b5762d68>,<__main__.MultiplexPowerVariantExchange object at 0x7fc1b57629b0>,"[1, 3]"
458,458,2003,558.0,46.0,True,1000,1,5,<__main__.HolmeKimNetwork object at 0x7fc1b5762d68>,<__main__.MultiplexPowerVariantExchange object at 0x7fc1b57629b0>,"[1, 3]"
459,459,3747,737.0,17.0,True,1000,1,5,<__main__.HolmeKimNetwork object at 0x7fc1b5762d68>,<__main__.MultiplexPowerVariantExchange object at 0x7fc1b57629b0>,"[1, 3]"
460,460,5000,,,False,1000,1,5,<__main__.HolmeKimNetwork object at 0x7fc1b5762d68>,<__main__.MultiplexPowerVariantExchange object at 0x7fc1b57629b0>,"[1, 3]"
461,461,948,482.0,200.0,True,1000,1,5,<__main__.HolmeKimNetwork object at 0x7fc1b5762d68>,<__main__.MultiplexPowerVariantExchange object at 0x7fc1b57629b0>,"[1, 3]"
462,462,2157,551.0,71.0,True,1000,1,5,<__main__.HolmeKimNetwork object at 0x7fc1b5762d68>,<__main__.MultiplexPowerVariantExchange object at 0x7fc1b57629b0>,"[1, 3]"
463,463,972,475.0,201.0,True,1000,1,5,<__main__.HolmeKimNetwork object at 0x7fc1b5762d68>,<__main__.MultiplexPowerVariantExchange object at 0x7fc1b57629b0>,"[1, 3]"
464,464,1577,415.0,117.0,True,1000,1,5,<__main__.HolmeKimNetwork object at 0x7fc1b5762d68>,<__main__.MultiplexPowerVariantExchange object at 0x7fc1b57629b0>,"[1, 3]"
465,465,1674,824.0,109.0,True,1000,1,5,<__main__.HolmeKimNetwork object at 0x7fc1b5762d68>,<__main__.MultiplexPowerVariantExchange object at 0x7fc1b57629b0>,"[1, 3]"
466,466,5000,,,False,1000,1,5,<__main__.HolmeKimNetwork object at 0x7fc1b5762d68>,<__main__.MultiplexPowerVariantExchange object at 0x7fc1b57629b0>,"[1, 3]"
467,467,3246,835.0,26.0,True,1000,1,5,<__main__.HolmeKimNetwork object at 0x7fc1b5762d68>,<__main__.MultiplexPowerVariantExchange object at 0x7fc1b57629b0>,"[1, 3]"
468,468,662,410.0,161.0,True,1000,1,5,<__main__.HolmeKimNetwork object at 0x7fc1b5762d68>,<__main__.MultiplexPowerVariantExchange object at 0x7fc1b57629b0>,"[1, 3]"
469,469,2607,749.0,118.0,True,1000,1,5,<__main__.HolmeKimNetwork object at 0x7fc1b5762d68>,<__main__.MultiplexPowerVariantExchange object at 0x7fc1b57629b0>,"[1, 3]"
470,470,2594,614.0,180.0,True,1000,1,5,<__main__.HolmeKimNetwork object at 0x7fc1b5762d68>,<__main__.MultiplexPowerVariantExchange object at 0x7fc1b57629b0>,"[1, 3]"
471,471,507,339.0,118.0,True,1000,1,5,<__main__.HolmeKimNetwork object at 0x7fc1b5762d68>,<__main__.MultiplexPowerVariantExchange object at 0x7fc1b57629b0>,"[1, 3]"
472,472,3746,726.0,68.0,True,1000,1,5,<__main__.HolmeKimNetwork object at 0x7fc1b5762d68>,<__main__.MultiplexPowerVariantExchange object at 0x7fc1b57629b0>,"[1, 3]"
473,473,5000,,,False,1000,1,5,<__main__.HolmeKimNetwork object at 0x7fc1b5762d68>,<__main__.MultiplexPowerVariantExchange object at 0x7fc1b57629b0>,"[1, 3]"
474,474,3154,847.0,53.0,True,1000,1,5,<__main__.HolmeKimNetwork object at 0x7fc1b5762d68>,<__main__.MultiplexPowerVariantExchange object at 0x7fc1b57629b0>,"[1, 3]"
475,475,3602,747.0,119.0,True,1000,1,5,<__main__.HolmeKimNetwork object at 0x7fc1b5762d68>,<__main__.MultiplexPowerVariantExchange object at 0x7fc1b57629b0>,"[1, 3]"
476,476,5000,,,False,1000,1,5,<__main__.HolmeKimNetwork object at 0x7fc1b5762d68>,<__main__.MultiplexPowerVariantExchange object at 0x7fc1b57629b0>,"[1, 3]"
477,477,517,681.0,121.0,True,1000,1,5,<__main__.HolmeKimNetwork object at 0x7fc1b5762d68>,<__main__.MultiplexPowerVariantExchange object at 0x7fc1b57629b0>,"[1, 3]"
478,478,4358,768.0,184.0,True,1000,1,5,<__main__.HolmeKimNetwork object at 0x7fc1b5762d68>,<__main__.MultiplexPowerVariantExchange object at 0x7fc1b57629b0>,"[1, 3]"
479,479,2236,592.0,205.0,True,1000,1,5,<__main__.HolmeKimNetwork object at 0x7fc1b5762d68>,<__main__.MultiplexPowerVariantExchange object at 0x7fc1b57629b0>,"[1, 3]"
480,480,4939,730.0,46.0,True,1000,1,5,<__main__.HolmeKimNetwork object at 0x7fc1b5762d68>,<__main__.MultiplexPowerVariantExchange object at 0x7fc1b57629b0>,"[1, 3]"
481,481,1858,640.0,144.0,True,1000,1,5,<__main__.HolmeKimNetwork object at 0x7fc1b5762d68>,<__main__.MultiplexPowerVariantExchange object at 0x7fc1b57629b0>,"[1, 3]"
482,482,1693,398.0,202.0,True,1000,1,5,<__main__.HolmeKimNetwork object at 0x7fc1b5762d68>,<__main__.MultiplexPowerVariantExchange object at 0x7fc1b57629b0>,"[1, 3]"
483,483,3140,737.0,62.0,True,1000,1,5,<__main__.HolmeKimNetwork object at 0x7fc1b5762d68>,<__main__.MultiplexPowerVariantExchange object at 0x7fc1b57629b0>,"[1, 3]"
484,484,3599,890.0,2.0,True,1000,1,5,<__main__.HolmeKimNetwork object at 0x7fc1b5762d68>,<__main__.MultiplexPowerVariantExchange object at 0x7fc1b57629b0>,"[1, 3]"
485,485,5000,,,False,1000,1,5,<__main__.HolmeKimNetwork object at 0x7fc1b5762d68>,<__main__.MultiplexPowerVariantExchange object at 0x7fc1b57629b0>,"[1, 3]"
486,486,1441,556.0,90.0,True,1000,1,5,<__main__.HolmeKimNetwork object at 0x7fc1b5762d68>,<__main__.MultiplexPowerVariantExchange object at 0x7fc1b57629b0>,"[1, 3]"
487,487,4604,702.0,103.0,True,1000,1,5,<__main__.HolmeKimNetwork object at 0x7fc1b5762d68>,<__main__.MultiplexPowerVariantExchange object at 0x7fc1b57629b0>,"[1, 3]"
488,488,3034,664.0,142.0,True,1000,1,5,<__main__.HolmeKimNetwork object at 0x7fc1b5762d68>,<__main__.MultiplexPowerVariantExchange object at 0x7fc1b57629b0>,"[1, 3]"
489,489,2392,693.0,191.0,True,1000,1,5,<__main__.HolmeKimNetwork object at 0x7fc1b5762d68>,<__main__.MultiplexPowerVariantExchange object at 0x7fc1b57629b0>,"[1, 3]"
490,490,1104,430.0,127.0,True,1000,1,5,<__main__.HolmeKimNetwork object at 0x7fc1b5762d68>,<__main__.MultiplexPowerVariantExchange object at 0x7fc1b57629b0>,"[1, 3]"
491,491,621,492.0,187.0,True,1000,1,5,<__main__.HolmeKimNetwork object at 0x7fc1b5762d68>,<__main__.MultiplexPowerVariantExchange object at 0x7fc1b57629b0>,"[1, 3]"
492,492,1558,490.0,163.0,True,1000,1,5,<__main__.HolmeKimNetwork object at 0x7fc1b5762d68>,<__main__.MultiplexPowerVariantExchange object at 0x7fc1b57629b0>,"[1, 3]"
493,493,544,358.0,103.0,True,1000,1,5,<__main__.HolmeKimNetwork object at 0x7fc1b5762d68>,<__main__.MultiplexPowerVariantExchange object at 0x7fc1b57629b0>,"[1, 3]"
494,494,818,492.0,172.0,True,1000,1,5,<__main__.HolmeKimNetwork object at 0x7fc1b5762d68>,<__main__.MultiplexPowerVariantExchange object at 0x7fc1b57629b0>,"[1, 3]"
495,495,810,400.0,190.0,True,1000,1,5,<__main__.HolmeKimNetwork object at 0x7fc1b5762d68>,<__main__.MultiplexPowerVariantExchange object at 0x7fc1b57629b0>,"[1, 3]"
496,496,3909,677.0,78.0,True,1000,1,5,<__main__.HolmeKimNetwork object at 0x7fc1b5762d68>,<__main__.MultiplexPowerVariantExchange object at 0x7fc1b57629b0>,"[1, 3]"
497,497,2835,929.0,52.0,True,1000,1,5,<__main__.HolmeKimNetwork object at 0x7fc1b5762d68>,<__main__.MultiplexPowerVariantExchange object at 0x7fc1b57629b0>,"[1, 3]"
498,498,2070,578.0,97.0,True,1000,1,5,<__main__.HolmeKimNetwork object at 0x7fc1b5762d68>,<__main__.MultiplexPowerVariantExchange object at 0x7fc1b57629b0>,"[1, 3]"
499,499,2067,771.0,94.0,True,1000,1,5,<__main__.HolmeKimNetwork object at 0x7fc1b5762d68>,<__main__.MultiplexPowerVariantExchange object at 0x7fc1b57629b0>,"[1, 3]"
